ATTEMPT, Time, Performance
1,20.25027,10.56643
1,30.24879,10.26045
1,40.24984,10.9544
1,50.25204,10.30103
1,60.25304,10.65262
1,70.25546,10.12542
1,80.25828,11.4775
1,90.26386,10.30717
1,100.2614,10.38127
1,110.2692,10.58989
1,120.2757,10.56147
1,130.2781,10.32973
1,140.2786,10.15971
1,150.2799,10.10628
1,160.2822,10.55053
1,170.2878,11.01122
1,180.2895,10.17311
1,190.2951,9.831252
1,200.2958,9.963485
1,210.2968,10.42071
1,220.2988,10.46769
1,230.2988,10.81714
1,240.3073,10.87856
1,250.3107,10.2246
1,260.3128,10.69821
1,270.3143,10.9232
1,280.318,10.14609
1,290.3208,10.40628
1,300.3223,10.28035
1,310.327,10.51597
1,320.3304,10.57034
1,330.3324,10.24021
1,340.3347,9.975109
1,350.3351,10.08674
1,360.3372,10.07891
1,370.3416,11.32487
1,380.349,11.61222
1,390.3486,11.64192
1,400.3507,10.99548
1,410.3524,11.75422
1,420.3602,11.8842
1,430.3619,10.13152
1,440.3623,10.17655
1,450.3684,9.511994
1,460.3714,9.62443
1,470.3768,10.71192
1,480.3786,10.72041
1,490.38,9.614041
1,500.382,11.14147
1,510.3828,11.04239
1,520.386,10.89493
1,530.3881,11.0256
1,540.3932,11.80516
1,550.3998,11.70966
1,560.3995,11.48082
1,570.4155,11.79853
1,580.4135,12.09532
1,590.4151,11.0513
ATTEMPT, Time, Performance
2,20.30019,10.52727
2,30.29784,10.63756
2,40.3004,11.16953
2,50.30586,10.17667
2,60.30594,11.38531
2,70.31263,12.19973
2,80.31303,13.38516
2,90.31326,12.34151
2,100.3236,12.90983
2,110.3218,13.78172
2,120.3325,12.75628
2,130.3362,12.67651
2,140.3392,11.6768
2,150.3414,12.57769
2,160.3441,13.09339
2,170.3463,14.57667
2,180.3527,14.58203
2,190.3525,13.03162
2,200.354,14.52861
2,210.3594,14.69636
2,220.3622,12.34798
2,230.3645,13.81394
2,240.3682,16.58458
2,250.372,19.47327
2,260.3732,22.21208
2,270.3743,19.63786
2,280.3745,18.74024
2,290.3765,14.51193
2,300.3788,13.55849
2,310.3822,13.59464
2,320.3827,14.91201
2,330.3837,14.58025
2,340.3849,15.8554
2,350.3878,13.46475
2,360.3946,14.50665
2,370.3964,15.44569
2,380.3995,12.02545
2,390.402,13.98177
2,400.4053,17.04515
2,410.4062,19.57311
2,420.4064,20.76952
2,430.4074,24.43863
2,440.4128,29.05583
2,450.4148,31.80034
2,460.4164,33.39877
2,470.4168,32.80704
2,480.42,26.16319
2,490.4267,24.88478
2,500.4235,24.02298
2,510.4253,27.24302
2,520.428,29.41509
2,530.4312,32.55405
2,540.4412,29.56907
2,550.4379,31.48438
2,560.4381,27.91838
2,570.4387,27.36178
2,580.441,24.81964
2,590.4415,29.78551
3,9.997681,10.05332
3,20.00189,10.37516
3,30.0025,10.23331
3,40.00262,10.93582
3,50.00549,10.56236
3,60.00726,11.2992
3,70.00977,11.98873
3,80.01025,13.41482
3,90.01599,13.08826
3,100.0179,13.33619
3,110.0194,13.56095
3,120.0233,10.24276
3,130.0273,10.6769
3,140.028,11.08309
3,150.03,10.90775
3,160.0377,10.773
3,170.04,11.11248
3,180.0445,10.63855
3,190.0418,11.8604
3,200.0425,10.80759
3,210.0446,11.38179
3,220.0452,10.38083
3,230.0458,10.78681
3,240.0473,11.74444
3,250.0488,11.84956
3,260.0497,10.32213
3,270.0534,11.76886
3,280.0541,11.99946
3,290.0585,13.25718
3,300.0585,11.90626
3,310.0619,10.259
3,320.0635,10.74356
3,330.066,11.65205
3,340.0699,13.28998
3,350.0814,14.94361
3,360.0825,15.05484
3,370.0851,12.52332
3,380.0881,12.88322
3,390.089,12.50073
3,400.0936,13.59852
3,410.1017,13.94822
3,420.1006,11.32473
3,430.1028,11.6932
3,440.105,12.1225
3,450.1084,11.85008
3,460.1138,13.23161
3,470.1156,13.30731
3,480.1172,14.28063
3,490.1206,13.61247
3,500.1233,14.52516
3,510.1245,12.35867
3,520.1276,13.4115
3,530.1282,13.54452
3,540.1335,11.2283
3,550.1367,11.72197
3,560.1375,12.46258
3,570.1383,12.45056
3,580.1387,13.18812
3,590.1393,13.6365
4,9.997681,9.827127
4,19.99817,10.41025
4,30.00085,12.00074
4,40.00464,12.30361
4,50.00793,13.00903
4,60.01331,13.89425
4,70.01563,12.05453
4,80.0166,12.54974
4,90.0199,11.28964
4,100.0272,11.37244
4,110.0245,10.60526
4,120.0258,10.5294
4,130.0271,9.793182
4,140.037,10.60804
4,150.0359,10.21136
4,160.0391,10.26213
4,170.0416,10.3102
4,180.0435,9.699165
4,190.0463,9.772283
4,200.0463,9.850805
4,210.0482,9.864403
4,220.0485,11.79343
4,230.0565,12.27739
4,240.0574,11.63329
4,250.0585,13.54741
4,260.0651,12.89861
4,270.0652,12.65668
4,280.0654,10.70738
4,290.0673,12.1387
4,300.0684,12.3319
4,310.0753,12.01509
4,320.0764,13.25333
4,330.0798,12.6282
4,340.0814,13.05331
4,350.0968,12.65475
4,360.0967,12.53468
4,370.099,14.43565
4,380.1025,13.6112
4,390.1062,11.86455
4,400.1086,12.82573
4,410.1169,12.28101
4,420.1274,11.55181
4,430.1226,12.02266
4,440.1262,11.47623
4,450.1272,13.36731
4,460.1282,12.98468
4,470.1359,13.3662
4,480.1361,13.33038
4,490.1384,11.83535
4,500.1415,12.12407
4,510.1443,13.37517
4,520.1467,14.32635
4,530.1548,13.45298
4,540.1602,12.80322
4,550.1598,13.59616
4,560.1605,14.77523
4,570.1625,13.79611
4,580.1686,15.45926
4,590.1655,14.91944
ATTEMPT, Time, Performance
5,20.24339,10.75607
5,30.26593,11.07224
5,40.29931,11.9812
5,50.33587,11.48509
5,60.36623,11.73143
5,70.40404,13.12393
5,80.4104,13.09365
5,90.4616,12.30164
5,100.4559,11.86865
5,110.4646,12.16194
5,120.536,12.69916
5,130.5636,13.69115
5,140.563,12.84416
5,150.6004,12.82901
5,160.5977,12.25849
5,170.6376,13.89732
5,180.6288,14.85143
5,190.6636,16.39453
5,200.6639,17.69665
5,210.6918,19.33456
5,220.7382,19.71263
5,230.7432,15.16341
5,240.7561,15.84237
5,250.7934,14.90308
5,260.828,15.89682
5,270.8548,14.07299
5,280.8611,15.24789
5,290.894,12.87051
5,300.9269,15.98866
5,310.9271,16.66562
5,320.9599,13.60066
5,330.996,12.32427
5,341.0342,14.81211
5,351.0434,15.68923
5,361.0261,14.76974
5,371.0555,14.33787
5,381.084,14.19344
5,391.0657,15.28957
5,401.0931,16.66851
5,411.1276,17.58916
5,421.1554,15.32546
5,431.1933,18.21047
5,441.2247,20.30561
5,451.2243,23.64806
5,461.2534,25.80679
5,471.2612,24.169
5,481.2591,25.50008
5,491.2957,25.25973
5,501.3303,23.14697
5,511.3267,25.16692
5,521.3546,21.42382
5,531.3545,20.55211
5,541.3926,21.06335
5,551.3931,22.2887
5,561.3975,24.64412
5,571.4249,22.59575
5,581.4384,22.28099
5,591.4537,22.44625
6,20.06537,10.1714
6,30.138,10.49754
6,40.1333,10.75076
6,50.16418,10.22769
6,60.19727,10.32563
6,70.2038,10.05087
6,80.198,10.32757
6,90.20447,10.96104
6,100.2288,12.12504
6,110.2644,11.32521
6,120.297,9.947342
6,130.2994,10.03632
6,140.3278,9.824907
6,150.3279,10.98072
6,160.3347,10.46559
6,170.3279,10.12469
6,180.367,11.68535
6,190.3979,14.25685
6,200.4271,15.09646
6,210.4628,12.47364
6,220.4636,12.61063
6,230.4958,10.53762
6,240.5316,10.81683
6,250.5338,11.31415
6,260.562,12.12122
6,270.5623,16.1801
6,280.592,17.77203
6,290.6304,15.04502
6,300.6989,15.25657
6,310.6927,12.94845
6,320.6932,13.8756
6,330.6931,14.3028
6,340.6962,13.92831
6,350.7299,14.14342
6,360.7287,10.3866
6,370.7991,11.49635
6,380.832,12.21729
6,390.8351,13.2836
6,400.8622,11.58297
6,410.8914,11.93279
6,420.8916,12.19971
6,430.9291,11.07249
6,440.9685,11.12116
6,450.9913,10.80367
6,460.9977,12.99212
6,470.9918,13.72779
6,481.0291,14.48072
6,491.0614,12.28217
6,501.0912,13.92182
6,511.092,14.14227
6,521.1423,11.18213
6,531.1619,10.61465
6,541.191,11.73064
6,551.2281,11.76117
6,561.2616,12.33525
6,571.262,12.22958
6,581.2628,11.9539
6,591.2904,13.55119
7,20.06372,10.39003
7,30.10254,12.62565
7,40.12952,13.66208
7,50.1637,13.83044
7,60.1925,11.19432
7,70.1958,11.58071
7,80.22937,11.76665
7,90.26318,11.6759
7,100.2931,13.07348
7,110.3285,13.26286
7,120.3633,12.40739
7,130.3995,13.02093
7,140.4347,10.4431
7,150.4619,11.79052
7,160.4913,11.69331
7,170.5281,11.4593
7,180.5282,11.3745
7,190.5612,11.95552
7,200.5902,11.12893
7,210.5953,10.70961
7,220.6293,10.84143
7,230.6614,11.09158
7,240.6984,10.85115
7,250.6919,11.32528
7,260.7684,11.54636
7,270.7623,10.81627
7,280.7909,10.74009
7,290.7914,11.01553
7,300.8281,11.6933
7,310.8667,10.59905
7,320.8617,10.88376
7,330.8907,12.96963
7,340.9276,13.50683
7,350.9563,13.79827
7,360.9601,12.63409
7,371.0333,11.58528
7,381.0565,11.39546
7,391.0957,11.22074
7,401.1036,13.1551
7,411.1273,12.65779
7,421.1555,11.83213
7,431.1572,11.08397
7,441.1981,11.65917
7,451.1934,12.509
7,461.2273,13.39928
7,471.2631,12.53749
7,481.2557,11.42515
7,491.312,11.46524
7,501.3318,12.59112
7,511.3557,13.52046
7,521.394,12.95262
7,531.3979,13.28866
7,541.4259,11.71608
7,551.4542,10.18739
7,561.4917,10.38687
7,571.5256,11.53108
7,581.5262,12.16474
7,591.5283,11.25697
ATTEMPT, Time, Performance
8,45.94169,10.58924
8,55.93868,10.28915
8,65.93884,11.46117
8,75.93957,11.3347
8,85.94119,11.33374
8,95.94613,10.95511
8,105.9471,11.8317
8,115.9493,11.51217
8,125.9558,10.8222
8,135.9559,11.3114
8,145.9597,11.54968
8,155.9632,13.5348
8,165.9664,12.30868
8,175.9674,13.17205
8,185.9774,12.9773
8,195.9808,13.0253
8,205.9821,13.17246
8,215.9836,13.21749
8,225.9863,13.26845
8,235.9887,15.44381
8,245.9898,17.26162
8,255.9956,17.5376
8,265.9969,15.46343
8,275.9982,17.53017
8,285.9984,16.79489
8,296.0023,18.55724
8,306.0049,22.12428
8,316.0069,26.28217
8,326.01,26.01281
8,336.0145,25.74475
8,346.0149,21.03635
8,356.0163,24.06327
8,366.0184,23.35651
8,376.0202,25.54137
8,386.023,28.7341
8,396.0237,31.50123
8,406.0251,34.2401
8,416.0253,29.9698
8,426.0288,30.68131
8,436.0335,27.17906
8,446.0335,24.60649
8,456.037,26.70302
8,466.037,23.76963
8,476.0414,27.44085
8,486.043,33.22804
8,496.0451,34.91086
8,506.0475,33.945
8,516.0479,31.21416
8,526.0483,35.09783
8,536.0484,33.05905
8,546.0536,33.05027
8,556.0566,31.08686
8,566.0559,31.86177
8,576.0577,34.5198
8,586.0638,35.95462
8,596.0629,36.22899
8,606.0638,36.3805
8,616.0654,41.06589
ATTEMPT, Time, Performance
9,23.62693,10.70893
9,33.62573,12.07597
9,43.62821,13.04296
9,53.62917,12.25328
9,63.62949,13.88797
9,73.62954,15.31703
9,83.63053,17.56316
9,93.63255,16.35383
9,103.6347,17.7893
9,113.6421,17.17169
9,123.6432,17.66533
9,133.6465,17.35556
9,143.6491,18.69577
9,153.6515,20.41674
9,163.6549,15.97773
9,173.6559,16.80251
9,183.6766,17.57798
9,193.6762,16.83422
9,203.7188,14.93351
9,213.7191,14.03013
9,223.7558,14.24408
9,233.7803,15.10069
9,243.8144,13.61977
9,253.8468,14.03242
9,263.8474,12.08416
9,273.8482,12.95139
9,283.8765,13.31833
9,293.9133,12.36455
9,303.9481,13.96177
9,313.9758,13.4773
9,324.0115,14.33153
9,334.0449,14.88934
9,344.0649,16.95275
9,354.0465,15.70115
9,364.0749,17.45001
9,374.0845,18.60985
9,384.1197,19.11208
9,394.1469,17.6761
9,404.1486,18.53271
9,414.1808,23.45193
9,424.1873,22.62139
9,434.1792,25.3622
9,444.2247,28.29702
9,454.212,24.4018
9,464.2453,28.43534
9,474.2745,29.97917
9,484.2796,25.04075
9,494.2791,24.93028
9,504.3121,23.07052
9,514.3842,23.53008
9,524.4157,26.36299
9,534.4394,24.73018
9,544.4766,25.08623
9,554.4783,22.98508
9,564.5105,25.22759
9,574.5475,27.12846
9,584.5389,26.03576
9,594.539,24.82787
10,23.7062,10.599
10,33.7372,9.902957
10,43.7374,10.49935
10,53.7735,10.71854
10,63.8057,10.60751
10,73.8083,10.2098
10,83.8359,10.34541
10,93.913,9.987187
10,103.9354,10.11917
10,114.0119,10.05345
10,124.044,9.842858
10,134.0743,10.04587
10,144.1042,10.27857
10,154.1412,10.87536
10,164.1343,9.715715
10,174.1713,10.50157
10,184.2096,11.68799
10,194.235,12.24016
10,204.3094,10.69788
10,214.3091,11.92079
10,224.3347,10.26416
10,234.3356,10.8006
10,244.3709,11.3867
10,254.3711,10.64626
10,264.4073,10.73916
10,274.4333,11.36647
10,284.4338,12.14902
10,294.4697,11.83754
10,304.5027,12.35327
10,314.5333,12.7797
10,324.5345,13.23895
10,334.5695,13.00224
10,344.5698,12.60982
10,354.6061,12.61225
10,364.6042,13.30152
10,374.6328,13.17376
10,384.6702,12.50111
10,394.7053,12.92475
10,404.703,10.30133
10,414.703,11.83273
10,424.733,11.80323
10,434.739,12.55657
10,444.769,11.39498
10,454.802,12.733
10,464.844,13.43703
10,474.873,11.43009
10,484.937,10.30004
10,494.932,11.27298
10,504.968,11.83526
10,514.998,11.62346
10,525.037,11.1455
10,535.068,11.302
10,545.069,10.62066
10,555.098,11.45043
10,565.133,11.41363
10,575.139,11.05561
10,585.135,11.73633
10,595.135,12.63124
ATTEMPT, Time, Performance
11,31.35703,10.71142
11,41.34949,10.94006
11,51.35153,11.99247
11,61.35504,10.99968
11,71.36103,10.67355
11,81.36265,10.28973
11,91.36493,10.53981
11,101.3707,10.26678
11,111.3706,11.02959
11,121.3722,11.00958
11,131.3763,11.19923
11,141.3811,11.23056
11,151.3836,12.60102
11,161.386,12.3376
11,171.3869,10.80722
11,181.3897,10.75577
11,191.3902,10.58217
11,201.3943,11.10364
11,211.4002,10.55473
11,221.4014,10.09808
11,231.4058,10.44425
11,241.4064,10.17553
11,251.4099,10.85358
11,261.4139,14.02291
11,271.4146,18.00082
11,281.4226,21.86824
11,291.425,21.38109
11,301.4265,18.17183
11,311.4296,18.57768
11,321.4324,20.51319
11,331.4344,23.38673
11,341.4402,22.37155
11,351.4453,20.67022
11,361.4481,22.95284
11,371.4528,23.94863
11,381.4537,28.3341
11,391.4547,32.97577
11,401.4602,28.8202
11,411.4654,28.32442
11,421.4659,34.59034
11,431.4659,38.43718
11,441.471,38.91093
11,451.4763,39.82106
11,461.4822,40.90661
11,471.4846,41.59822
11,481.4862,41.82306
11,491.4885,40.93024
11,501.4919,41.5215
11,511.4956,38.39523
11,521.5034,37.25071
11,531.506,36.41872
11,541.5073,36.8158
11,551.5113,38.84157
11,561.5139,40.21851
11,571.5262,41.53199
11,581.5223,39.77715
11,591.5257,42.33025
11,601.528,44.83578
12,24.3536,10.03393
12,34.3608,10.85369
12,44.3633,9.823606
12,54.367,10.42296
12,64.3654,11.70671
12,74.3672,11.84679
12,84.3696,10.18242
12,94.3702,10.50684
12,104.3744,11.04453
12,114.3745,10.51275
12,124.3843,9.710993
12,134.3846,11.75328
12,144.3875,11.81639
12,154.3879,11.32879
12,164.3899,11.08311
12,174.3913,11.20336
12,184.3929,11.27828
12,194.4067,10.66117
12,204.4056,11.45535
12,214.4061,11.1025
12,224.4088,11.45568
12,234.4097,11.68014
12,244.4104,10.21303
12,254.4138,10.21775
12,264.4231,10.50238
12,274.4355,10.96992
12,284.4327,10.92333
12,294.4345,10.87927
12,304.444,12.08176
12,314.4454,12.88193
12,324.4498,13.27765
12,334.4529,11.22895
12,344.4561,11.25146
12,354.4628,10.54785
12,364.4691,10.99811
12,374.4661,11.3692
12,384.4666,10.40523
12,394.4667,10.46122
12,404.467,10.85908
12,414.471,10.76634
12,424.473,10.12862
12,434.485,11.11773
12,444.485,10.55207
12,454.487,10.34418
12,464.489,9.878618
12,474.493,10.59504
12,484.494,11.30556
12,494.502,12.11812
12,504.505,10.4781
12,514.505,10.71092
12,524.505,10.73104
12,534.51,11.32836
12,544.513,11.33814
12,554.527,11.8321
12,564.526,10.61957
12,574.529,11.19946
12,584.533,10.47362
12,594.535,10.03324
12,604.541,11.17758
13,27.356,9.575927
13,37.356,10.13347
13,47.364,10.09662
13,57.368,10.33236
13,67.379,10.37946
13,77.381,10.48445
13,87.381,10.29581
13,97.384,10.40214
13,107.389,10.20706
13,117.39,10.34909
13,127.39,9.83217
13,137.391,10.41799
13,147.393,9.641198
13,157.395,10.80852
13,167.396,11.01269
13,177.403,10.20016
13,187.407,10.44566
13,197.409,10.31315
13,207.412,10.56393
13,217.418,10.32751
13,227.413,10.42356
13,237.413,10.59305
13,247.421,11.12177
13,257.424,10.21073
13,267.426,10.68516
13,277.43,9.835862
13,287.432,10.26918
13,297.436,10.94874
13,307.436,11.55331
13,317.445,11.14688
13,327.448,11.05317
13,337.452,10.11941
13,347.453,11.00452
13,357.454,11.27249
13,367.461,11.48873
13,377.466,11.98332
13,387.47,10.80132
13,397.473,10.47259
13,407.475,10.23577
13,417.481,10.35299
13,427.483,11.16826
13,437.484,10.90733
13,447.486,10.60292
13,457.489,11.28557
13,467.49,11.23749
13,477.491,10.39421
13,487.493,10.7346
13,497.494,10.53402
13,507.503,10.53842
13,517.505,10.54057
13,527.506,10.82587
13,537.508,10.88175
13,547.511,10.56346
13,557.512,10.85724
13,567.516,10.42794
13,577.522,10.35946
13,587.525,9.776318
13,597.525,10.74659
13,607.526,11.29645
ATTEMPT, Time, Performance
14,31.19105,10.50761
14,41.18968,11.27919
14,51.19582,13.03482
14,61.1917,12.19931
14,71.19373,11.87364
14,81.19572,12.31558
14,91.19707,12.87323
14,101.2018,12.32359
14,111.2027,12.59793
14,121.2052,12.92698
14,131.2075,12.92063
14,141.21,12.13076
14,151.2102,12.59913
14,161.2106,10.13224
14,171.2137,10.12668
14,181.2174,10.2599
14,191.223,11.20187
14,201.2235,11.63575
14,211.2268,10.61288
14,221.2281,11.0022
14,231.2296,10.18912
14,241.2297,11.41806
14,251.2321,10.27821
14,261.2342,11.56564
14,271.2343,12.01684
14,281.2371,12.60145
14,291.2372,11.99896
14,301.242,12.79249
14,311.2427,13.03725
14,321.2466,14.14089
14,331.2482,14.98968
14,341.2523,10.60054
14,351.2525,11.11417
14,361.2541,11.5795
14,371.2575,11.749
14,381.2639,12.34339
14,391.2666,13.7572
14,401.2687,10.80126
14,411.2715,10.71315
14,421.2716,11.05956
14,431.2758,11.38646
14,441.2769,11.04338
14,451.2782,11.16287
14,461.2831,10.95348
14,471.2868,11.25821
14,481.2903,9.997207
14,491.2918,10.29768
14,501.2949,10.25405
14,511.2959,10.48999
14,521.2972,9.505336
14,531.3025,10.26518
14,541.3049,10.07152
14,551.3063,10.6807
14,561.3088,11.34837
14,571.3107,12.00877
14,581.3112,13.26381
14,591.3132,13.89199
14,601.3166,12.45071
15,24.1914,9.883327
15,34.1945,10.47768
15,44.2074,10.40272
15,54.2119,10.53573
15,64.2159,11.8109
15,74.218,12.81344
15,84.2181,12.0102
15,94.2242,11.69274
15,104.2263,12.70857
15,114.2282,12.158
15,124.2345,10.75722
15,134.2419,10.97044
15,144.2427,10.95153
15,154.2432,11.60135
15,164.2471,11.00173
15,174.248,11.32097
15,184.2524,11.32856
15,194.2526,10.46869
15,204.2567,10.67492
15,214.2703,12.89151
15,224.2693,13.19658
15,234.2725,12.87252
15,244.2759,12.93972
15,254.2839,11.41997
15,264.2853,12.41566
15,274.2875,11.95709
15,284.289,12.09241
15,294.2931,11.88178
15,304.2949,10.98271
15,314.2952,10.68037
15,324.3036,11.19871
15,334.3057,10.33024
15,344.3101,11.17931
15,354.3135,11.63138
15,364.3178,10.98186
15,374.3243,10.94242
15,384.3285,11.745
15,394.3325,11.62165
15,404.335,11.72122
15,414.344,12.56697
15,424.347,12.12198
15,434.349,12.07911
15,444.35,11.56279
15,454.358,12.77553
15,464.352,13.04267
15,474.368,13.68707
15,484.365,16.7974
15,494.369,14.32481
15,504.37,12.83616
15,514.373,12.87862
15,524.376,11.98782
15,534.387,11.40888
15,544.39,13.17938
15,554.392,15.00921
15,564.395,13.43843
15,574.397,12.26944
15,584.403,14.26648
15,594.405,14.98003
15,604.41,13.92125
16,27.195,9.735475
16,37.197,10.60524
16,47.204,10.41781
16,57.207,10.56364
16,67.21,10.99319
16,77.212,11.47479
16,87.212,10.08096
16,97.214,10.55089
16,107.217,10.93064
16,117.217,10.87504
16,127.225,10.19969
16,137.227,10.59042
16,147.234,10.71994
16,157.235,10.66923
16,167.238,10.6136
16,177.246,12.23571
16,187.25,12.41491
16,197.25,11.29127
16,207.252,10.84655
16,217.255,11.14529
16,227.271,11.0944
16,237.269,11.16388
16,247.272,12.05272
16,257.274,11.41678
16,267.285,11.76401
16,277.287,11.36869
16,287.289,12.17687
16,297.291,13.61526
16,307.294,13.9301
16,317.303,12.38922
16,327.305,13.00764
16,337.308,12.23318
16,347.309,11.90613
16,357.31,12.13052
16,367.311,15.13564
16,377.311,13.51649
16,387.313,11.78849
16,397.317,10.90098
16,407.325,10.97044
16,417.328,11.42804
16,427.328,12.32381
16,437.328,13.75433
16,447.329,14.05583
16,457.332,13.87345
16,467.334,14.1675
16,477.335,14.53145
16,487.336,15.12987
16,497.343,16.12226
16,507.345,13.27312
16,517.345,13.24887
16,527.349,11.42995
16,537.353,10.95086
16,547.355,11.26053
16,557.358,12.54902
16,567.37,11.07794
16,577.369,10.51862
16,587.378,12.35681
16,597.378,12.91958
16,607.387,11.62787
ATTEMPT, Time, Performance
17,31.40553,10.62524
17,41.40635,12.02916
17,51.4072,13.60501
17,61.40935,15.70043
17,71.41099,16.73425
17,81.41924,16.44676
17,91.41987,16.26904
17,101.4206,18.31847
17,111.4225,20.53319
17,121.4246,21.01015
17,131.4273,21.67106
17,141.4296,23.40958
17,151.4306,23.26465
17,161.4322,25.82215
17,171.4379,25.14795
17,181.4408,21.8546
17,191.4417,23.29616
17,201.444,19.72278
17,211.4457,21.05692
17,221.4496,17.93982
17,231.4528,19.99059
17,241.4598,21.00359
17,251.46,20.84192
17,261.4621,22.3794
17,271.4728,21.72429
17,281.4669,18.34231
17,291.4694,19.98595
17,301.48,16.30758
17,311.4836,18.3584
17,321.4871,19.06094
17,331.4884,20.91768
17,341.4885,22.03065
17,351.4896,18.72306
17,361.4985,22.08753
17,371.5007,19.39329
17,381.5024,21.55032
17,391.5036,21.89613
17,401.5063,19.74239
17,411.5065,20.00804
17,421.5072,19.51452
17,431.5099,19.05828
17,441.5101,21.69755
17,451.5105,20.25687
17,461.514,20.84293
17,471.5195,22.1285
17,481.5222,20.84763
17,491.5235,22.6424
17,501.5269,23.55241
17,511.529,25.91296
17,521.532,28.55226
17,531.5342,27.02699
17,541.5378,27.28824
17,551.5386,30.67961
17,561.5413,31.14524
17,571.5411,33.12944
17,581.5435,33.53696
17,591.5436,36.14032
17,601.5454,34.11993
18,24.4033,9.891983
18,34.4047,10.24672
18,44.405,10.01903
18,54.4058,10.142
18,64.4088,10.428
18,74.4092,11.0599
18,84.4126,10.76255
18,94.4209,12.1804
18,104.4212,10.60764
18,114.4251,10.72623
18,124.4275,10.24735
18,134.4304,10.45776
18,144.4312,10.76527
18,154.4425,11.36163
18,164.4425,11.27926
18,174.4441,10.60455
18,184.4445,10.81307
18,194.4448,9.948019
18,204.4481,10.68594
18,214.4505,10.7609
18,224.4519,10.90773
18,234.4531,12.12681
18,244.4614,12.00865
18,254.4612,12.34103
18,264.4625,12.2823
18,274.473,10.71971
18,284.4715,10.17163
18,294.4843,10.94592
18,304.4869,10.35912
18,314.4897,10.60507
18,324.4925,12.22074
18,334.4938,11.46327
18,344.5005,11.88625
18,354.5033,10.73698
18,364.504,11.05167
18,374.5051,11.10335
18,384.507,11.12188
18,394.5096,11.63429
18,404.521,10.76
18,414.522,11.23171
18,424.525,11.84582
18,434.531,11.25909
18,444.532,12.4138
18,454.532,12.0384
18,464.541,10.73981
18,474.542,11.18537
18,484.543,10.79931
18,494.545,11.5098
18,504.545,11.12645
18,514.551,12.49069
18,524.551,12.30531
18,534.552,11.11451
18,544.561,11.23514
18,554.565,11.76931
18,564.57,13.30574
18,574.568,12.85754
18,584.57,14.7162
18,594.581,14.88974
18,604.583,14.34543
19,27.414,10.16252
19,37.414,10.83505
19,47.421,10.16066
19,57.424,10.48875
19,67.426,10.18302
19,77.429,12.29398
19,87.431,12.50529
19,97.434,10.87406
19,107.441,11.0779
19,117.443,11.32599
19,127.445,11.53366
19,137.447,10.74643
19,147.45,10.02759
19,157.453,10.7702
19,167.454,10.43265
19,177.46,10.81705
19,187.46,11.47456
19,197.462,12.11274
19,207.465,12.55939
19,217.471,11.2389
19,227.473,12.09694
19,237.48,11.5661
19,247.482,12.65442
19,257.482,12.90614
19,267.483,14.98828
19,277.484,13.2201
19,287.486,13.8723
19,297.488,11.51437
19,307.49,13.26965
19,317.492,11.4317
19,327.501,13.05865
19,337.502,14.01273
19,347.503,12.16393
19,357.505,14.06468
19,367.508,13.42513
19,377.505,11.43088
19,387.507,11.6201
19,397.509,12.48747
19,407.511,11.58866
19,417.518,12.7469
19,427.521,13.62817
19,437.519,15.05781
19,447.524,16.96394
19,457.528,18.07775
19,467.531,16.21812
19,477.533,16.68275
19,487.533,11.549
19,497.542,12.36349
19,507.545,14.04092
19,517.557,13.18733
19,527.549,14.38911
19,537.551,14.20192
19,547.552,14.70382
19,557.561,12.89636
19,567.561,13.65553
19,577.563,13.04501
19,587.564,15.88689
19,597.566,13.02769
19,607.569,15.30948
ATTEMPT, Time, Performance
20,32.58242,10.57058
20,42.58583,11.15429
20,52.58677,11.4079
20,62.59347,11.33072
20,73.82987,12.37306
20,83.99779,11.97317
20,94.12986,12.25828
20,104.2636,12.36111
20,114.3152,13.41327
20,124.4145,10.6334
20,134.5215,10.75704
20,144.5957,11.23213
20,154.6797,11.89687
20,164.7702,12.01998
20,174.873,11.25951
20,184.9536,12.32232
20,195.0239,13.09404
20,205.1523,13.38433
20,215.2597,13.38062
20,225.325,13.61538
20,235.4608,13.3961
20,245.553,10.6573
20,255.6507,10.95844
20,265.7089,11.31085
20,275.7746,11.08553
20,285.8474,10.08943
20,296.0114,10.66839
20,306.0867,10.64708
20,316.1356,11.36183
20,326.1387,12.47951
20,336.1391,13.22573
20,346.1407,12.85653
20,356.1412,13.11241
20,366.159,14.43539
20,376.153,15.35766
20,386.1551,10.20162
20,396.1584,10.48544
20,406.1598,10.5299
20,416.1637,10.42742
20,426.1652,10.2984
20,436.1731,10.83272
20,446.1762,10.82589
20,456.1774,10.50393
20,466.1791,10.37023
20,476.1823,9.928947
20,486.1846,9.631104
20,496.1902,10.21522
20,506.1895,10.36901
20,516.1907,10.22358
20,526.1917,10.11976
20,536.1949,10.27153
20,546.1968,11.11773
20,556.1988,11.47442
20,566.1998,10.69935
20,576.2032,10.93631
20,586.2101,10.62137
20,596.2122,11.07306
20,606.2159,10.81808
ATTEMPT, Time, Performance
21,33.00366,10.69997
21,43.00251,11.14923
21,53.00479,12.50856
21,63.00499,11.60181
21,73.00898,10.66009
21,83.00966,10.99048
21,93.01616,12.18589
21,103.0175,12.16558
21,113.0186,11.67189
21,123.0338,10.58977
21,133.0295,11.66168
21,143.0354,12.21346
21,153.0385,11.54342
21,163.0417,12.5509
21,173.0462,11.77961
21,183.0473,11.93443
21,193.0557,11.58389
21,203.0583,11.13972
21,213.0701,11.27651
21,223.0689,13.60081
21,233.0779,13.57472
21,243.0779,16.77389
21,253.0786,18.32359
21,263.0788,15.38447
21,273.0832,11.34161
21,283.0846,11.47757
21,293.095,12.35191
21,303.0977,12.02887
21,313.101,12.80345
21,465.4469,13.4268
21,475.4239,13.99943
21,485.4306,14.71471
21,495.4331,16.28815
21,505.4538,20.3918
21,515.444,21.70453
21,525.4579,20.85899
21,535.4691,18.39841
21,545.4659,17.79571
21,555.469,19.52614
21,565.4722,23.39423
21,575.4913,26.52645
21,585.4958,27.26372
21,595.4902,22.54517
21,605.498,19.52397
22,168.264,10.16428
22,178.2689,10.55647
22,188.2708,9.947797
22,198.2851,10.35385
22,208.2836,10.69036
22,218.2838,10.56346
22,228.2859,10.29715
22,238.2903,11.06599
22,248.2986,11.33173
22,258.2996,10.68007
22,268.303,11.4695
22,278.3052,11.3265
22,288.3102,10.7215
22,298.3183,11.07458
22,308.3202,10.90579
22,318.3243,11.52395
22,328.3307,11.15769
22,338.3416,11.32943
22,348.351,11.1195
22,358.3635,9.672592
22,368.3623,10.41845
22,378.3667,9.686379
22,388.3692,10.89505
22,398.3705,11.08881
22,408.372,11.90418
22,418.378,10.40117
22,428.381,10.67554
22,438.384,10.24187
22,448.385,9.917229
22,458.39,10.77762
22,468.4,11.1304
22,478.403,11.7643
22,488.408,11.87113
22,498.408,10.69161
22,508.41,9.974965
22,518.421,10.33799
22,528.423,10.6649
22,538.427,11.32652
22,548.43,10.79578
22,558.44,10.78151
22,568.449,11.47156
22,578.453,11.99667
22,588.46,11.64335
22,598.46,11.39544
23,21.27,10.24593
23,31.273,10.51306
23,41.282,9.709723
23,51.283,10.37737
23,61.287,10.32734
23,71.291,10.65034
23,81.297,10.01592
23,91.302,10.53401
23,101.302,10.41418
23,111.303,10.67662
23,121.305,10.84602
23,131.313,10.75796
23,141.307,11.59124
23,151.308,11.08582
23,161.312,10.4274
23,171.321,10.93784
23,181.321,10.92268
23,191.326,11.03697
23,201.329,11.08046
23,211.332,12.84315
23,221.34,12.96628
23,231.342,10.91604
23,241.346,11.79933
23,251.348,11.9985
23,261.347,11.98517
23,271.353,10.57695
23,281.362,12.1362
23,291.363,13.24462
23,301.364,12.77375
23,311.367,11.78605
23,321.37,12.26467
23,331.38,12.86829
23,341.383,12.92845
23,351.388,12.79588
23,361.398,14.39427
23,371.402,15.54679
23,381.402,15.08377
23,391.407,12.89712
23,401.409,13.19023
23,411.41,11.64248
23,421.412,11.74235
23,431.418,13.31127
23,441.424,11.46637
23,451.424,13.08533
23,461.426,12.56526
23,471.451,11.94869
23,481.448,13.11003
23,491.458,12.84985
23,501.468,11.96876
23,511.466,12.43801
23,521.467,13.12038
23,531.471,14.51826
23,541.482,13.09631
23,551.484,13.46043
23,561.49,15.79594
23,571.501,15.16331
23,581.505,14.17435
23,591.506,13.9826
23,601.51,12.90607
ATTEMPT, Time, Performance
24,19.68948,10.36258
24,29.69051,10.56004
24,39.69073,11.15512
24,49.69394,10.61349
24,59.69729,10.70624
24,69.70763,10.91189
24,79.71268,11.55746
24,89.71593,12.40791
24,99.71976,12.99217
24,109.7205,12.81291
24,119.7302,11.34989
24,129.728,11.96825
24,139.7309,11.20322
24,149.7323,10.38569
24,159.7335,10.39299
24,169.7363,10.43048
24,179.7365,10.98072
24,189.7395,11.0279
24,199.7522,10.84116
24,209.7558,11.02035
24,219.7593,10.1835
24,229.775,10.68218
24,239.7732,10.93727
24,249.7777,11.85753
24,259.7867,12.02658
24,269.7887,11.52822
24,279.7937,11.48583
24,289.7972,11.17526
24,299.8002,11.37127
24,309.8071,11.32928
24,319.8102,11.66028
24,329.8101,11.7691
24,339.8138,11.85812
24,349.8167,11.46556
24,359.8189,11.25948
24,369.8277,11.31468
24,379.8286,10.8278
24,389.8342,12.55003
24,399.8379,11.86607
24,409.8405,12.25885
24,419.8413,12.43026
24,429.8491,10.5301
24,439.852,10.59707
24,449.8535,11.15895
24,459.8656,11.58582
24,469.8668,10.94252
24,479.8701,11.17209
24,489.8734,12.33994
24,499.8874,13.93305
24,509.8905,13.21718
24,519.8948,13.46175
24,529.8974,13.75675
24,539.9002,14.07323
24,549.9064,14.78138
24,559.9086,12.47869
24,569.9092,13.51871
24,579.9146,13.11866
24,589.9175,12.13941
24,599.9201,11.6233
25,10.00061,9.958014
25,20.00189,11.06306
25,30.00208,10.16853
25,40.00433,10.64721
25,50.005,9.925533
25,60.00726,10.1364
25,70.00989,10.11585
25,80.01129,10.625
25,90.01654,10.57815
25,100.0175,10.33507
25,110.0201,10.57229
25,120.0215,11.05001
25,130.0237,11.32805
25,140.0242,11.06108
25,150.0246,10.40265
25,160.0281,11.44345
25,170.0308,10.49516
25,180.0361,11.78106
25,190.0377,12.03595
25,200.0485,10.90561
25,210.045,12.12537
25,220.0464,12.28633
25,230.05,12.43183
25,240.0563,10.83465
25,250.0597,11.22643
25,260.063,11.38074
25,270.064,11.71294
25,280.0662,11.01547
25,290.0673,12.89251
25,300.071,12.14859
25,310.0806,13.2043
25,320.0811,14.88557
25,330.0845,14.85145
25,340.0865,12.72173
25,350.0867,13.56368
25,360.0883,12.18594
25,370.0892,11.17456
25,380.0966,11.83587
25,390.0999,11.42468
25,400.1031,11.99853
25,410.1013,12.51725
25,420.105,13.03425
25,430.1063,10.94423
25,440.1069,11.49554
25,450.1072,11.39439
25,460.11,10.98326
25,470.1173,11.16117
25,480.1179,11.38582
25,490.1194,11.06396
25,500.1265,12.08958
25,510.1394,12.15114
25,520.141,11.51954
25,530.1416,11.37539
25,540.1455,12.13518
25,550.1531,12.56616
25,560.1563,12.79248
25,570.1598,13.32168
25,580.1624,15.40768
25,590.1721,14.37846
ATTEMPT, Time, Performance
26,19.6859,10.28753
26,29.68191,11.64669
26,39.68584,12.33419
26,49.6879,11.31126
26,59.68848,12.05151
26,69.69114,11.48992
26,79.70277,11.91501
26,89.70148,11.92799
26,99.70478,13.38396
26,109.7126,14.15051
26,119.7192,12.9688
26,129.7194,12.33729
26,139.7227,11.84067
26,149.7233,11.7449
26,159.7245,12.32583
26,169.7259,11.92486
26,179.726,11.16859
26,189.7285,12.51663
26,199.7461,12.16328
26,209.7498,11.87431
26,219.7502,11.9466
26,229.7531,11.89993
26,239.7531,11.35478
26,249.76,11.57537
26,259.7641,10.98212
26,269.763,11.34513
26,279.7643,11.19892
26,289.7644,10.55557
26,299.7655,11.39585
26,309.7705,11.41727
26,319.7788,12.59819
26,329.7813,12.33834
26,339.7836,11.30879
26,349.7855,11.21514
26,359.789,10.72748
26,369.7905,10.37481
26,379.7923,11.09246
26,389.7933,11.45249
26,399.803,12.70593
26,409.8021,13.36062
26,419.8025,12.23425
26,429.803,11.84068
26,439.8055,11.74518
26,449.8083,11.09007
26,459.8096,12.5791
26,469.8117,11.66305
26,479.8204,11.52477
26,489.8234,12.97295
26,499.8265,11.10232
26,509.828,10.35439
26,519.8304,10.48489
26,529.8415,11.84664
26,539.8431,11.65714
26,549.8458,10.60085
26,559.8472,10.75041
26,569.8487,11.23174
26,579.8525,11.95104
26,589.8626,10.79153
26,599.8635,11.29613
ATTEMPT, Time, Performance
27,19.69088,10.3468
27,29.69095,11.4168
27,39.69942,11.81674
27,49.70255,11.93704
27,59.71021,13.55476
27,69.78447,12.61304
27,79.78733,12.057
27,91.07883,12.93784
27,101.0806,11.82412
27,111.0859,11.88011
27,121.0884,11.88108
27,131.0962,12.06349
27,141.0984,11.89355
27,151.102,10.84386
27,161.1027,10.94536
27,171.1061,10.74341
27,181.1093,13.85172
27,191.1178,13.04013
27,201.119,11.81563
27,211.12,11.63377
27,221.1203,10.8078
27,231.1217,11.64953
27,241.1248,11.90376
27,251.1284,11.86743
27,261.1294,12.16202
27,271.1371,12.50975
27,281.1405,12.16021
27,291.145,12.22845
27,301.1488,10.95942
27,311.1493,11.30087
27,321.151,13.27569
27,331.1584,14.3142
27,341.1627,12.78671
27,351.1662,11.25622
27,361.1667,10.53517
27,371.1691,10.70318
27,381.183,10.99651
27,391.1822,11.63155
27,401.1819,12.18622
27,411.1832,10.74693
27,421.1858,10.92916
27,431.1865,10.85987
27,441.1884,11.91555
27,451.1961,12.00533
27,461.1968,12.40442
27,471.2007,12.45433
27,481.2022,12.35598
27,491.204,12.09545
27,501.2057,10.99255
27,511.2098,10.38579
27,521.2188,11.35234
27,531.2203,12.1899
27,541.2205,11.63898
27,551.2205,11.49691
27,561.2234,12.54041
27,571.2244,12.8566
27,581.228,13.58649
27,591.2432,12.99107
28,10.00104,9.968921
28,20.01007,10.70488
28,30.01105,10.18985
28,40.01587,10.97309
28,50.01599,11.00088
28,60.01678,10.48365
28,70.01904,10.76067
28,80.02783,10.85547
28,90.02808,10.85503
28,100.0314,11.05107
28,110.0334,10.62129
28,120.0356,10.77478
28,130.0383,11.64328
28,140.0498,12.56715
28,150.0511,13.40966
28,160.0527,12.6599
28,170.0562,10.70269
28,180.059,11.84357
28,190.061,12.56163
28,200.0613,11.90124
28,210.0621,13.26495
28,220.067,11.45873
28,230.0709,12.98915
28,240.0728,12.81825
28,250.0764,11.30049
28,260.078,11.97897
28,270.08,12.79321
28,280.0875,12.83514
28,290.0881,13.60933
28,300.0916,13.63058
28,310.098,12.28271
28,320.1,11.2581
28,330.1074,11.5873
28,340.1077,12.03008
28,350.1088,12.86304
28,360.1105,12.40668
28,370.1113,11.96818
28,380.1114,11.78416
28,390.1149,11.86817
28,400.1158,10.97881
28,410.1204,11.2612
28,420.1276,11.91554
28,430.1304,11.97003
28,440.133,11.53821
28,450.1339,11.54741
28,460.144,12.42959
28,470.1391,11.36133
28,480.1512,11.79611
28,490.1519,11.66919
28,500.1525,11.79318
28,510.1546,12.96345
28,520.1592,12.81878
28,530.1688,10.99245
28,540.1673,12.14926
28,550.1696,11.60318
28,560.1696,11.74981
28,570.1727,11.12699
28,580.1844,11.95658
28,590.1917,11.72451
29,10.00537,9.992426
29,20.00684,10.64676
29,30.0116,10.98293
29,40.01477,11.48028
29,50.01587,11.08948
29,60.02637,10.89779
29,70.02502,11.23343
29,80.02869,11.14869
29,90.03284,11.73496
29,100.0452,11.72558
29,110.0555,11.6723
29,120.0531,12.74396
29,130.0542,13.87179
29,140.0558,10.09926
29,150.0662,10.62142
29,160.0712,9.595444
29,170.069,10.05418
29,180.0723,9.779119
29,190.0854,10.10464
29,200.0886,9.946927
29,210.0928,10.5126
29,220.1011,10.30676
29,230.1018,10.10697
29,240.1051,9.738216
29,250.1158,10.71523
29,260.1218,11.05312
29,270.1252,12.29182
29,280.1255,11.60818
29,290.1323,12.02882
29,300.135,10.45053
29,310.1433,10.90182
29,320.146,10.74383
29,330.1472,10.972
29,340.1477,11.49032
29,350.1492,10.92772
29,360.1521,11.0994
29,370.1537,11.24472
29,380.162,12.18305
29,390.1643,13.03844
29,400.1688,12.14153
29,410.1699,12.2872
29,420.1704,11.96708
29,430.1716,11.82839
29,440.1748,12.42073
29,450.1753,11.65183
29,460.1838,11.7203
29,470.1841,12.81252
29,480.1884,13.85225
29,490.189,13.39704
29,500.1912,12.69079
29,510.1924,13.66422
29,520.1949,11.28759
29,530.2032,11.81862
29,540.2068,12.3206
29,550.2112,12.05455
29,560.2118,11.05999
29,570.214,12.32817
29,580.2256,12.15445
29,590.2299,12.05022
30,10.00403,10.0072
30,20.00623,10.76402
30,30.01038,10.24312
30,40.01184,10.56472
30,50.02625,10.91318
30,60.02832,11.34189
30,70.02979,10.64136
30,80.03845,10.65655
30,90.04114,10.17506
30,100.0432,11.40788
30,110.0454,11.69855
30,120.0475,14.33475
30,130.0503,13.25922
30,140.051,13.45563
30,150.0647,13.76168
30,160.0603,11.83957
30,170.0696,12.28529
30,180.0803,11.39363
30,190.0808,12.09221
30,200.0822,11.43094
30,210.0831,11.99309
30,220.0869,11.21481
30,230.0901,12.44508
30,240.0918,11.64289
30,250.0972,11.83929
30,260.0984,10.27945
30,270.1001,11.14708
30,280.1008,11.63072
30,290.1045,12.60802
30,300.1057,12.8734
30,310.1079,13.09046
30,320.1089,13.60427
30,330.1113,14.52169
30,340.1194,15.33418
30,350.1208,14.83659
30,360.1235,11.65195
30,370.1238,12.40753
30,380.1265,12.56351
30,390.1277,10.79936
30,400.1289,11.23181
30,410.1328,10.75913
30,420.1479,11.00533
30,430.1455,10.38153
30,440.1472,11.45378
30,450.1509,11.31911
30,460.1526,12.51209
30,470.1597,12.4811
30,480.1638,12.73367
30,490.1648,14.28091
30,500.1672,14.14443
30,510.1689,13.89797
30,520.1719,15.64527
30,530.1797,12.76736
30,540.1851,13.45918
30,550.1885,13.40898
30,560.1914,14.31334
30,570.198,11.32387
30,580.2009,12.61358
30,590.2056,11.37508
ATTEMPT, Time, Performance
31,19.68335,10.30076
31,29.6862,11.39842
31,39.68791,12.20587
31,49.68978,12.04355
31,59.69794,11.99807
31,69.69897,10.93258
31,79.70349,11.66577
31,89.70741,11.99995
31,99.71068,11.45281
31,109.711,13.0221
31,119.7215,14.20416
31,129.7269,14.30049
31,139.7392,12.54148
31,149.7468,12.55764
31,159.7441,12.15657
31,169.751,10.83266
31,179.7654,11.66582
31,189.7715,11.47684
31,199.7875,10.35184
31,209.7884,10.10058
31,219.7894,12.78803
31,229.8083,13.18485
31,239.8058,13.15214
31,249.8084,12.96279
31,259.821,12.61635
31,269.8621,13.93572
31,279.8404,14.05648
31,289.8628,13.86539
31,299.863,13.21349
31,309.8609,13.3559
31,319.8648,13.65388
31,329.8801,11.42492
31,339.9041,12.15365
31,349.8989,11.31033
31,359.9158,12.80602
31,369.9139,12.58799
31,379.9121,12.75519
31,389.9108,12.12835
31,399.9223,11.94267
31,409.9249,14.75457
31,419.9706,13.80582
31,429.9472,12.06457
31,439.9601,12.39945
31,449.9642,11.98532
31,459.9667,11.91955
31,469.9768,12.0261
31,479.9785,13.50715
31,490.0222,14.29626
31,500.0068,12.39151
31,510.0366,12.57992
31,520.048,11.66009
31,530.0483,12.4288
31,540.041,13.17067
31,550.0419,11.31831
31,560.0665,14.24695
31,570.0643,13.00063
31,580.0662,11.75597
31,590.0908,11.99043
ATTEMPT, Time, Performance
32,19.6858,10.36712
32,29.68651,11.33225
32,39.68881,11.74028
32,49.68892,10.92056
32,59.69163,14.46496
32,69.69257,16.26172
32,79.70356,13.83057
32,89.70592,11.26372
32,99.70687,12.49772
32,109.7076,13.08408
32,119.7103,14.9758
32,129.7293,13.17178
32,139.7267,13.2085
32,149.731,13.5895
32,159.7322,13.88448
32,169.7333,12.61314
32,179.7419,13.32152
32,189.747,14.34903
32,199.7502,14.72237
32,209.7496,15.05381
32,219.7526,13.58008
32,229.7614,14.02412
32,239.7621,11.0438
32,249.7637,10.99974
32,259.7671,10.83299
32,269.769,10.55733
32,279.7717,11.13587
32,289.781,12.8058
32,299.7839,12.62409
32,309.7879,10.76506
32,319.789,10.98641
32,329.9457,10.45397
32,339.954,10.56853
32,349.9628,11.89001
32,359.966,13.49864
32,369.9706,12.71306
32,379.9735,12.1523
32,389.981,12.2007
32,399.9853,11.92053
32,409.9863,11.9965
32,419.9885,12.52773
32,429.9985,12.01046
32,439.9941,10.59118
32,450.0038,10.93347
32,460.0123,10.31318
32,470.0111,10.61299
32,480.0139,10.67275
32,490.0213,11.14113
32,500.0255,11.32681
32,510.0276,11.05466
32,520.0343,10.91842
32,530.0433,11.19589
32,540.0456,12.46821
32,550.0549,11.1315
32,560.061,10.6441
32,570.064,10.91575
32,580.0668,11.37029
32,590.0682,13.479
33,10.0033,9.899095
33,20.00635,10.43078
33,30.00745,11.22691
33,40.00977,13.05122
33,50.01318,13.16957
33,60.01935,12.95053
33,70.01947,12.22837
33,80.02118,11.50843
33,90.02429,10.93068
33,100.0261,11.13155
33,110.0291,11.62403
33,120.04,13.75317
33,130.0477,15.59174
33,140.0441,16.02422
33,150.0449,17.15769
33,160.0479,19.56476
33,170.0516,19.19721
33,180.0526,13.40633
33,190.0645,14.73468
33,200.0663,15.66098
33,210.0716,14.28294
33,220.0782,13.53067
33,230.0818,14.10489
33,240.0828,14.8564
33,250.0842,14.35895
33,260.0861,13.69845
33,270.0868,14.76063
33,280.0875,14.17179
33,290.0889,16.72078
33,300.0902,17.94792
33,310.0939,18.18578
33,320.1011,17.32985
33,330.1037,17.75544
33,340.1064,20.01926
33,350.1083,21.12849
33,360.1116,20.32211
33,370.1182,21.7833
33,380.1216,22.98322
33,390.1259,24.35548
33,400.1293,24.6598
33,410.1303,19.6291
33,420.1378,23.9307
33,430.1385,26.00217
33,440.1412,23.85316
33,450.1431,22.00163
33,460.1459,20.84336
33,470.1468,23.33158
33,480.1486,27.08509
33,490.1531,31.12186
33,500.1581,30.50657
33,510.1619,33.0068
33,520.1641,34.53137
33,530.1691,32.53703
33,540.1702,33.52247
33,550.1785,30.36643
33,560.1794,31.79152
33,570.18,34.48049
33,580.1816,33.99245
33,590.1838,36.64301
ATTEMPT, Time, Performance
ATTEMPT, Time, Performance
51, 9.693307, 10.11748
51, 19.70993, 10.95978
