ATTEMPT NO 2,
Time, Mean Performance
9.130906,9.933884
9.630424,13.16492
10.13156,16.3422
10.63382,16.3422
11.13639,16.3422
11.63766,16.3422
12.13942,16.3422
12.6405,16.3422
13.14209,16.3422
13.64553,16.3422
14.14591,16.3422
14.648,16.3422
15.14996,16.3422
15.64998,16.3422
16.15172,16.3422
16.65436,16.3422
17.15661,16.3422
17.65718,16.3422
18.15918,16.3422
18.66043,16.3422
19.16145,16.3422
19.66193,16.3422
20.16215,16.3422
20.66296,16.3422
21.16523,16.3422
ATTEMPT NO 3,
Time, Mean Performance
9.487609,9.933884
9.988637,13.16492
10.48897,16.3422
10.99018,16.3422
11.49158,16.3422
11.99376,16.3422
12.50317,16.3422
13.00026,16.3422
13.50059,16.3422
14.00162,16.3422
14.50216,16.3422
15.00396,16.3422
15.50587,16.3422
16.0081,16.3422
16.51019,16.3422
17.01239,16.3422
17.51407,16.3422
18.01554,16.3422
18.51855,16.3422
19.02038,16.3422
19.52101,16.3422
20.02301,16.3422
20.52332,16.3422
21.02611,16.3422
21.52678,16.3422
22.02912,16.3422
22.52927,16.3422
23.03108,16.3422
23.53394,16.3422
24.03463,16.3422
24.53534,16.3422
25.03869,16.3422
25.54117,16.3422
26.04149,16.3422
26.54205,16.3422
27.04735,16.3422
27.54509,16.3422
28.04774,16.3422
28.5484,6.408316
29.05068,6.408316
29.55171,0
30.05436,6.201601
30.55827,6.201601
31.05896,16.36105
31.56171,16.37007
32.0639,16.39521
32.56668,16.39521
33.06886,16.39521
33.57088,16.39521
34.07321,16.39521
34.57391,16.39521
35.07472,16.39521
35.57735,16.39521
36.07904,16.39521
36.5799,16.39521
37.08097,16.39521
37.58212,16.39521
38.08279,16.39521
38.58319,16.39521
39.08551,16.39521
39.58839,16.39521
40.0904,16.39521
40.59262,16.39521
41.09735,16.39521
41.59738,16.39521
42.09827,16.39521
42.60022,16.39521
43.10118,16.39521
43.60167,16.39521
44.10376,16.39521
44.60532,16.39521
45.10723,16.39521
45.60791,16.39521
46.10824,16.39521
46.61017,16.39521
47.11158,16.39521
47.61486,16.39521
48.11774,16.39521
48.61772,16.39521
49.11873,10.19361
49.61999,10.19361
50.12146,6.350133
50.62288,3.196178
51.12667,3.196178
51.62801,6.590956
52.12914,13.12033
52.62982,13.12033
53.13262,15.89765
53.6376,15.92684
54.13831,16.1081
54.63864,16.25333
55.13993,16.25333
55.6414,16.25333
56.1428,16.25333
56.64424,16.25333
57.1455,16.25333
57.64774,16.25333
58.14999,16.25333
58.65011,16.25333
59.15163,16.25333
59.65393,16.25333
60.1546,16.25333
60.65722,16.25333
61.16103,16.25333
61.66198,16.25333
62.16444,16.25333
62.66615,16.25333
63.16674,16.25333
63.6679,16.25333
64.16963,16.25333
64.67236,16.25333
65.17367,16.25333
65.67545,16.25333
66.17792,16.25333
66.67846,16.25333
67.1805,16.25333
67.6814,16.25333
68.18293,16.25333
68.68316,16.25333
69.18496,16.25333
69.6861,16.25333
70.18772,16.25333
70.68972,13.05715
71.19102,13.05715
71.69375,6.496068
72.19447,7.02542
72.69672,7.02542
73.19817,9.997206
73.69937,13.36091
74.2015,13.36091
74.703,16.68965
75.20547,16.68965
75.7076,16.68965
76.20781,16.68965
76.70814,16.68965
77.20877,16.68965
77.70963,16.68965
78.20985,16.68965
78.71101,16.68965
79.21329,16.68965
79.71372,16.68965
80.21716,16.68965
80.71893,16.68965
81.22059,16.68965
81.72145,16.68965
82.22292,16.68965
82.72424,16.68965
83.22489,16.68965
83.72736,16.68965
84.228,16.68965
84.73012,16.68965
85.23206,16.68965
85.73411,16.68965
86.23717,16.68965
86.73798,16.68965
87.23972,16.68965
87.74044,16.68965
88.24301,16.68965
88.7449,16.68965
89.24736,16.68965
89.74879,16.68965
90.25139,16.68965
90.75298,16.68965
91.25436,16.68965
91.75784,16.68965
92.25961,16.68965
92.76325,13.44448
93.2663,13.44448
93.76893,13.44448
94.27128,16.72285
ATTEMPT NO 4
Time, Mean Performance
40.3866, 57.75451
40.88858, 59.3293
41.38959, 61.38846
41.89081, 61.7926
42.39206, 61.79585
42.8977, 62.15251
43.39836, 62.12831
43.89956, 61.86366
44.40033, 62.18343
44.90049, 62.23827
45.40236, 62.58269
45.90364, 61.61896
46.40512, 61.58677
46.90517, 61.58677
47.40683, 62.26316
47.90718, 62.61555
48.40771, 62.04436
48.90836, 62.38013
49.4106, 60.18372
49.91068, 58.53462
50.41093, 58.84991
50.91603, 58.80519
51.41788, 56.60027
51.91798, 58.52117
52.4194, 60.72717
52.9218, 62.93942
53.42451, 58.88169
53.92527, 56.66045
54.42632, 56.67897
54.92795, 56.71059
55.43053, 54.54208
55.9314, 49.98632
56.43206, 45.58414
56.93248, 45.62062
57.43842, 49.95227
57.94131, 51.50122
58.44242, 51.27851
58.94503, 55.12486
59.44547, 51.23781
59.94573, 53.58282
60.44649, 56.11519
60.94766, 60.45168
61.44803, 60.02161
61.94881, 60.3762
62.44975, 60.11684
62.95199, 62.32248
63.4523, 61.66437
63.95647, 59.49448
64.45744, 60.30117
64.96232, 59.64495
65.46551, 62.17681
65.96723, 62.46421
66.4675, 62.17544
66.96824, 62.48391
67.46855, 62.48747
67.96958, 62.47058
68.47084, 62.4899
68.97578, 62.57163
69.47646, 62.54433
69.97688, 62.59565
70.48119, 63.14699
70.98017, 60.98034
71.48567, 58.78988
71.98661, 56.93166
72.49117, 54.72947
72.99198, 58.81425
73.492, 60.58411
73.99661, 60.60186
74.49699, 58.72483
74.99953, 56.80739
75.50231, 58.87851
76.00549, 61.16428
76.50693, 52.43488
77.00928, 54.64725
77.51024, 52.43127
78.01059, 48.07179
78.51612, 49.38528
79.01672, 46.96898
79.52077, 46.79395
80.02155, 48.98389
80.53203, 53.41484
81.03126, 53.4378
81.53779, 57.86363
82.03804, 59.63318
82.54174, 59.56001
83.03888, 59.90559
83.54227, 59.5535
84.0441, 61.97588
84.54501, 61.90928
85.04552, 59.4205
85.54883, 54.55199
86.04935, 54.98466
86.55232, 56.55732
87.05772, 61.01207
87.55899, 61.03822
88.06864, 61.69461
88.56692, 62.0102
89.06773, 62.3911
89.57124, 62.18293
90.07679, 61.85182
90.58265, 61.89005
91.08383, 61.55571
91.58614, 61.90902
92.08675, 57.22417
92.58719, 57.25955
93.10064, 55.35704
93.59882, 57.63807
94.09928, 59.84349
94.60899, 60.01854
95.10709, 60.03683
95.60753, 57.84472
96.10817, 58.21767
96.60938, 58.31862
97.11645, 56.33282
97.61897, 54.71296
98.12153, 54.74792
98.62266, 50.25829
99.1233, 52.66312
99.62361, 47.86251
100.1268, 49.83327
100.6274, 45.01551
101.1277, 45.5089
101.6304, 45.86275
102.1377, 50.51267
102.6383, 59.51772
103.1389, 56.74779
103.6416, 61.02219
104.1423, 61.05277
104.6435, 63.61679
105.1438, 63.61602
105.6466, 61.02264
106.1479, 60.75491
106.649, 60.80017
107.1511, 58.49857
107.657, 58.25869
108.1597, 57.51203
108.6724, 60.463
109.1697, 61.0778
109.6716, 61.49586
110.1759, 64.31895
110.6793, 61.94308
111.1801, 62.02843
111.6834, 62.39151
112.1838, 64.67898
112.6869, 64.38061
113.1878, 61.87888
113.6909, 61.89957
114.1921, 59.98556
114.6992, 62.37362
115.1999, 59.8718
115.7003, 62.16166
116.2006, 62.27662
116.7015, 62.39035
117.2045, 62.44093
117.7075, 62.82417
118.2104, 60.92911
118.7108, 54.47845
119.2119, 54.56459
119.7123, 56.76125
120.216, 56.8419
120.7212, 56.56417
121.221, 54.57435
121.7219, 53.8326
122.2241, 51.86562
122.7259, 45.25413
123.2282, 50.3091
123.7302, 52.58674
124.2358, 56.82274
124.7375, 62.84541
125.2396, 62.90548
125.745, 63.29482
126.2463, 65.45103
126.7467, 63.25535
127.2471, 63.28577
127.7498, 64.04045
128.2505, 66.06809
128.7567, 63.94733
129.258, 62.4889
129.7603, 63.15483
130.2612, 65.0257
130.763, 66.06242
131.2635, 64.40676
131.7669, 64.51379
132.2699, 64.80291
132.7719, 64.94186
133.2776, 65.01134
133.7781, 62.54429
134.279, 62.19012
197.9699, 62.24825
198.4299, 64.53756
ATTEMPT NO 5
Time, Mean Performance
41.64555, 57.73864
42.14661, 59.31234
42.64702, 61.37212
43.14714, 61.77614
43.64906, 62.09864
44.14969, 62.14708
44.65028, 61.53384
45.15487, 61.58242
45.657, 61.903
46.1576, 62.18953
46.65889, 62.50743
47.16148, 61.54008
47.70746, 61.50785
48.18986, 61.51129
48.70904, 62.18024
49.20628, 62.8032
49.70649, 62.51997
50.2067, 60.39997
50.70736, 60.40657
51.20798, 58.19196
51.71019, 60.39505
52.21513, 58.09856
52.71614, 58.09904
53.21998, 58.44504
53.72283, 60.6961
54.22384, 60.7012
54.72703, 58.84779
55.22778, 56.63642
55.73131, 56.64502
56.23806, 54.4482
56.7387, 54.41284
57.23965, 52.14848
57.74181, 52.13589
58.24179, 52.14328
58.74413, 49.85363
59.24415, 53.65624
59.74677, 51.27026
60.24828, 52.98152
60.75033, 51.23686
61.25557, 51.27749
61.75869, 56.50845
62.25917, 58.41562
62.7595, 58.33234
63.25949, 60.87538
63.76067, 60.8827
64.26157, 62.7579
64.76236, 59.92917
65.26572, 59.26743
65.76596, 59.1662
66.26755, 59.53034
66.76764, 62.09252
67.26846, 62.35265
67.76846, 61.96515
68.27106, 61.68899
68.77676, 61.65866
69.28007, 61.95885
69.78036, 61.97691
70.28238, 62.59499
70.78484, 62.95004
71.28629, 63.26991
71.78755, 58.7907
72.29035, 58.17152
72.7906, 58.17606
73.29538, 60.44426
73.79736, 56.46162
74.29735, 56.78618
74.79916, 58.77544
75.29929, 63.19414
75.80235, 61.02856
76.30417, 56.65788
76.80631, 56.95565
77.30733, 56.95794
77.81043, 56.82896
78.31085, 54.62712
78.81497, 56.83416
79.31532, 54.50859
79.8158, 52.32926
80.31949, 49.8878
80.82159, 53.64222
81.32286, 53.66475
81.82427, 53.3019
82.3251, 53.67773
82.82754, 56.19997
83.3302, 60.63873
83.8303, 62.9227
84.33588, 62.96864
84.83606, 63.12152
85.34122, 63.15393
85.84502, 62.84598
86.34804, 62.22577
86.85063, 59.43262
87.35689, 59.42093
87.86072, 57.61864
88.36343, 59.81455
88.86402, 59.17847
89.36651, 59.21
89.86888, 62.56374
90.36945, 62.51494
90.87868, 62.9013
91.37946, 62.96312
91.8838, 61.10183
92.3854, 61.10624
92.88869, 58.75756
93.38941, 58.15089
93.8913, 60.31789
94.40504, 60.32327
94.8997, 58.12378
95.40102, 58.80346
95.90165, 60.24321
96.40378, 62.7593
96.90655, 60.54005
97.40727, 60.54005
97.9076, 60.54005
98.40781, 58.33596
98.90822, 53.88741
99.40828, 51.56758
99.90889, 51.57516
100.4115, 52.01462
100.9165, 49.8717
101.4168, 52.30683
101.9179, 56.42316
102.4215, 58.40893
102.9227, 53.80695
103.4253, 51.75294
103.9279, 53.99714
104.4304, 56.2799
104.9362, 58.20128
105.4366, 55.95996
105.9366, 58.12923
106.4392, 60.05456
106.9404, 62.29527
107.4418, 55.55352
107.9419, 55.61025
108.4439, 55.353
108.9463, 58.20097
109.4473, 60.22167
109.9474, 59.88913
110.4535, 60.53471
110.951, 61.92665
111.4564, 61.96471
111.9571, 60.14985
112.4597, 60.44773
112.9606, 58.99166
113.4622, 59.01867
113.963, 59.31522
114.4633, 60.85023
114.9674, 63.1008
115.4705, 60.6054
115.9752, 58.41387
116.4776, 58.64913
116.9805, 60.86463
117.4823, 61.09486
117.9851, 61.10352
118.4873, 61.10983
118.9876, 63.32555
119.4876, 58.7289
119.9906, 58.73305
120.4917, 56.66617
120.9986, 56.62051
121.4981, 52.53096
121.9997, 54.76564
122.4999, 56.67709
122.9999, 58.56479
123.5025, 58.20335
124.0031, 58.53373
124.5044, 60.55705
125.0076, 58.62513
125.5103, 58.63335
126.0156, 60.82446
126.5189, 60.53844
127.0189, 56.05488
127.5205, 54.19166
128.0214, 51.81952
128.5236, 53.93174
129.0239, 56.47529
129.5261, 58.01709
130.0286, 58.13464
130.5305, 58.13551
131.0357, 58.17143
131.5361, 58.17999
132.0396, 61.82136
132.5413, 60.05801
133.0513, 60.10672
133.548, 60.66523
134.0506, 58.20956
134.5578, 58.58816
135.0607, 60.72217
135.563, 63.06386
136.0635, 58.90917
136.5658, 58.73418
137.068, 56.85245
137.5709, 61.33015
138.0763, 59.42988
138.5782, 59.25402
139.0808, 59.27862
139.5881, 61.47831
140.0944, 63.92197
140.5946, 61.41977
141.0969, 59.09817
141.5977, 56.90354
191.3602, 52.82935
191.8186, 52.83715
ATTEMPT NO 6
Time, Mean Performance
41.46545, 57.75861
41.96679, 59.33385
42.46774, 61.39169
42.97037, 61.7957
43.47232, 62.12351
43.97949, 62.19283
44.4752, 61.90999
44.97556, 61.98265
45.47644, 62.28498
45.97822, 62.3006
46.48383, 62.62973
46.98552, 61.66443
47.48706, 61.62742
47.98995, 61.62742
48.49294, 62.30381
48.99556, 62.59863
49.49616, 62.33477
50.00468, 62.68073
50.50183, 60.48065
51.00371, 58.26489
51.50793, 58.26513
52.00862, 58.56818
52.51225, 56.60133
53.01395, 56.60666
53.51632, 58.80895
54.01777, 58.57509
54.52288, 56.41602
55.02435, 54.19607
55.52547, 54.53823
56.02913, 52.31739
56.5321, 52.32526
57.03473, 52.31962
57.53797, 50.1157
58.04331, 52.06664
58.54574, 49.86504
59.04882, 51.40029
59.55046, 55.59423
60.05277, 57.62754
60.55373, 53.41383
61.0548, 51.58285
61.55762, 56.13122
62.05776, 58.35653
62.55857, 58.31176
63.06332, 58.3357
63.56701, 60.60632
64.0684, 61.84486
64.57034, 61.21616
65.07061, 61.21734
65.57203, 60.93234
66.07263, 61.22599
66.57283, 61.98996
67.07283, 62.07657
67.57752, 62.3223
68.07764, 62.04825
68.58203, 62.06313
69.08508, 62.04121
69.58627, 62.76498
70.08807, 62.77292
70.59089, 62.82814
71.09354, 62.86617
71.59364, 60.64909
72.0955, 58.7145
72.59571, 58.34759
73.10177, 60.90158
73.60324, 56.60728
74.10394, 56.98837
74.60702, 57.05569
75.10886, 59.31058
75.61107, 59.02383
76.11388, 56.84766
76.61415, 56.87078
77.1149, 52.98666
77.61673, 53.01412
78.11729, 53.24223
78.6178, 51.16529
79.12234, 55.65988
79.62519, 53.13979
80.12764, 52.89702
80.62997, 54.87397
81.13266, 59.22769
81.63537, 57.10131
82.13597, 57.49758
82.63857, 59.73503
83.14284, 62.05463
83.64454, 62.42014
84.14728, 58.21312
84.64769, 60.69992
85.14863, 58.26602
85.65155, 59.18013
86.1519, 59.29465
86.65367, 63.17674
87.15511, 63.20033
87.65797, 64.33273
88.16225, 64.49682
88.66396, 64.94222
89.1646, 65.71577
89.66624, 65.46787
90.16687, 65.54772
90.66998, 65.41724
91.17209, 65.91118
91.67563, 66.01804
92.17786, 63.90225
92.6783, 61.77711
93.18346, 61.87837
93.68659, 64.51672
94.18655, 66.83794
94.68789, 64.94424
95.19177, 65.0136
95.69392, 64.80066
96.19517, 64.92545
96.69701, 62.82477
97.20199, 60.231
97.70312, 58.12444
98.20695, 54.20956
98.71118, 52.10655
99.21299, 54.4209
99.71351, 54.56708
100.2165, 56.57176
100.7169, 58.70314
101.2183, 58.51229
101.7214, 51.82454
102.2221, 50.03198
102.7225, 50.46946
103.225, 58.55973
103.7274, 60.61373
104.2298, 63.12056
104.7348, 65.61036
105.2302, 66.01489
105.7314, 66.14225
106.2324, 65.98329
106.7327, 63.10002
107.2347, 63.20263
107.7372, 62.46524
108.2381, 64.92301
108.7386, 66.83473
109.2419, 65.96773
109.7446, 66.69798
110.2455, 67.12301
110.7458, 69.51626
111.2468, 69.01147
111.7496, 68.73254
112.2507, 68.86788
112.7512, 66.43385
113.2528, 65.33035
113.7539, 65.13745
114.2556, 67.77058
114.7574, 70.12792
115.2619, 70.57328
115.7639, 68.50163
116.265, 68.62867
116.7676, 66.53581
117.2678, 68.88143
117.7683, 68.63564
118.2697, 66.53756
118.7706, 62.22729
119.2731, 60.55517
119.7751, 62.5433
120.2758, 64.87569
120.778, 62.84589
121.2818, 65.50845
121.7836, 67.26267
122.2849, 62.85959
122.7897, 60.78298
123.2933, 59.22072
ATTEMPT NO 7
Time, Mean Performance
42.36729, 57.77132
42.87295, 59.34463
43.37312, 61.40031
43.87484, 61.80259
44.37645, 61.75175
44.8767, 61.43435
45.37815, 61.50804
45.87978, 61.55271
46.38001, 61.90767
46.88012, 62.50354
47.38089, 62.83997
47.88212, 61.87552
48.39154, 61.83826
48.88748, 61.83826
49.39213, 62.50457
49.89451, 62.89534
50.39509, 62.58154
50.89603, 62.60423
51.40191, 60.40079
51.89801, 58.50328
52.40006, 58.50446
52.90051, 58.7384
53.4007, 58.74727
53.90103, 58.49561
54.4036, 60.70353
54.9051, 60.71849
55.40635, 58.51903
55.91188, 56.29358
56.41407, 56.31109
56.91467, 54.43444
57.41573, 54.41381
57.91738, 52.14918
58.41752, 47.74352
58.91916, 47.75003
59.41977, 47.53835
59.92046, 51.43233
60.42224, 53.381
60.92414, 55.04016
61.42443, 53.02698
61.92533, 53.02558
62.4256, 55.85807
62.92603, 53.51167
63.42714, 58.00421
63.93098, 58.33307
64.43217, 60.68964
64.93306, 59.70291
65.43488, 61.86405
65.93564, 61.23669
66.43631, 59.11704
66.93934, 58.97846
67.44123, 59.35569
67.94328, 62.25197
68.44642, 61.62932
68.95161, 61.94233
69.45251, 61.95061
69.95316, 61.32732
70.45518, 61.20202
70.95789, 61.49935
71.45856, 61.79669
71.95898, 62.11926
72.46314, 62.16918
72.96503, 59.97345
73.46674, 60.34753
73.97386, 58.14704
74.48303, 58.45908
74.98088, 58.49665
75.48363, 58.38319
75.98531, 60.36563
76.48669, 58.1907
76.99256, 58.22578
77.49329, 56.36739
77.99626, 56.38992
78.49763, 52.08721
78.998, 51.9316
79.50198, 45.35764
80.00961, 45.39899
80.50715, 45.51103
81.01269, 49.73419
81.51663, 48.88861
82.02003, 48.40761
82.52417, 50.64288
83.02506, 53.44949
83.52632, 56.01777
84.03173, 60.69154
84.53333, 58.83452
85.03711, 61.34834
85.53798, 60.59975
86.04862, 62.59868
86.54774, 62.25818
87.05157, 60.5279
87.55579, 60.9079
88.06456, 61.05613
88.56634, 63.05465
89.07201, 63.09295
89.5743, 63.45996
90.07442, 63.15377
90.57816, 62.85798
91.08285, 62.89926
91.58325, 63.26057
92.0835, 63.57353
92.58386, 63.52953
93.08712, 63.55523
93.59123, 62.95899
94.09396, 60.70414
94.59454, 60.72535
95.09544, 58.47124
95.59747, 60.68964
96.10067, 58.80413
96.60241, 61.34109
97.11286, 61.52818
97.61566, 63.7464
98.1163, 61.50953
98.61732, 61.87084
99.11948, 61.89335
99.62059, 59.57625
100.1213, 53.04021
100.6247, 50.75063
101.1259, 48.34733
101.6273, 52.88985
102.1327, 47.75665
102.6329, 45.29974
103.1357, 45.11013
103.6374, 47.41206
104.138, 54.13754
104.6401, 59.06136
105.1426, 59.44029
105.6461, 62.0318
106.1514, 61.63898
106.6523, 59.45621
107.1527, 61.27369
107.6538, 59.05066
108.155, 61.26504
108.6586, 60.59523
109.1597, 62.69688
109.6618, 62.71825
110.1637, 62.95986
110.6645, 62.97211
111.1654, 62.73369
111.6668, 63.43955
112.1711, 63.47039
112.6716, 63.77794
113.1739, 63.79561
113.6755, 64.14372
114.1782, 63.44669
114.6809, 63.45061
115.181, 60.89864
115.6842, 61.23464
116.1852, 58.10243
116.6862, 60.32712
117.1954, 60.67403
117.7004, 63.57561
118.2063, 63.92188
118.7186, 63.58574
119.2175, 58.77062
119.718, 58.77681
120.2193, 58.78304
120.722, 54.40703
121.2322, 52.20467
121.7349, 52.31233
122.2353, 49.91598
122.7358, 47.87211
123.2367, 45.5154
123.7394, 42.907
124.2424, 44.99732
124.7431, 45.31263
125.2444, 43.19471
125.745, 52.781
126.2451, 55.02792
126.7523, 59.49015
127.2526, 61.50364
127.7555, 63.39177
128.258, 62.6996
128.76, 63.0456
129.2622, 62.74931
129.7637, 60.4894
130.2639, 60.49041
130.7673, 60.08161
131.2678, 62.58546
131.7765, 62.19115
132.2771, 62.19115
132.7789, 62.19115
133.2791, 60.55603
133.7813, 60.5071
134.2845, 60.5221
134.786, 62.04587
135.2914, 62.37609
135.7934, 62.37975
136.2937, 60.53798
136.796, 57.97405
137.2995, 57.32088
137.8004, 59.53701
138.3027, 62.08597
138.8066, 62.77792
139.3138, 63.11084
139.8161, 63.11692
140.3167, 63.1231
140.8172, 60.45108
141.3188, 58.24503
141.8195, 55.53669
142.3223, 55.87664
142.8237, 58.09111
143.3258, 55.70047
143.8259, 53.13136
144.3335, 50.71364
144.8371, 41.7742
145.3373, 43.85517
145.8388, 41.57587
146.3392, 46.52595
146.8421, 53.65116
147.344, 56.16059
147.845, 60.26537
148.3476, 58.06234
148.8535, 58.06404
149.3552, 58.36326
149.8559, 58.07146
150.3572, 60.15454
150.858, 60.25071
151.3612, 62.86304
151.8618, 63.19744
152.362, 60.42604
152.8631, 60.20928
153.3657, 60.214
153.8732, 63.35907
154.3742, 63.35696
154.8756, 63.36139
155.3762, 62.99544
155.8794, 63.31586
156.3808, 63.31593
156.8845, 61.43539
157.3872, 59.23939
157.8923, 58.23636
158.3933, 57.90995
158.8959, 57.91261
159.3986, 58.24607
159.9024, 61.11328
160.4044, 61.11918
160.9058, 61.16595
161.4066, 63.61334
161.9126, 58.88532
162.4132, 58.8917
162.9145, 56.35751
163.4182, 56.36824
163.9198, 53.80978
164.4204, 56.35164
164.9225, 56.36892
165.427, 55.69935
165.9276, 48.91089
166.4325, 44.44554
166.9348, 42.83397
167.4352, 47.34586
167.9387, 51.75027
168.4416, 53.5133
168.9448, 55.84249
169.4521, 53.71597
169.9535, 56.42717
170.4547, 56.40443
170.9561, 57.93821
171.458, 57.98488
171.9603, 60.19558
172.4608, 60.24975
172.9628, 56.69907
173.4659, 56.70399
173.9727, 57.0248
174.4763, 59.8157
174.9767, 60.37109
175.4782, 60.93412
175.9791, 61.2845
176.4859, 60.65152
176.9967, 60.65576
177.4966, 60.65881
177.999, 59.11285
178.4995, 58.79787
179.0024, 58.14053
179.503, 58.14471
180.0063, 58.13894
180.5123, 54.0956
181.0149, 56.36607
181.5161, 58.58693
182.0181, 63.35562
182.522, 61.1581
183.0223, 61.16838
183.5234, 61.17554
184.0246, 58.98426
184.5251, 56.38809
185.0251, 56.41021
185.5271, 56.19963
186.0317, 53.6591
186.5317, 53.92597
187.0325, 47.62102
187.5325, 45.2313
188.0359, 45.11581
188.5365, 51.74076
189.0365, 51.93216
189.5383, 56.56252
190.0411, 49.66948
190.5438, 51.86723
191.0453, 49.25914
191.5514, 53.67008
192.0541, 53.6862
192.5558, 58.28384
193.0572, 57.99852
193.5676, 55.24221
194.066, 54.73547
194.5671, 54.4943
195.0715, 59.16988
195.5739, 59.88652
196.0741, 60.70479
196.5751, 61.36312
197.0758, 60.7065
197.5784, 61.13911
198.0795, 61.17932
198.5813, 61.89804
199.0815, 59.7767
199.5815, 59.12001
200.0846, 56.88777
200.5853, 56.97183
201.0856, 57.60603
201.5863, 55.40345
202.0924, 52.87589
202.5937, 52.89903
203.0953, 50.7222
203.5964, 55.47309
204.0972, 57.72577
204.5973, 59.95809
205.0989, 59.99112
205.6005, 59.75397
206.1011, 59.06409
206.6042, 58.79144
207.1112, 54.76664
207.6112, 53.29527
208.1125, 51.4525
208.6185, 50.97443
209.1143, 48.79824
209.6164, 53.21147
210.1171, 57.56639
210.6189, 55.28809
211.1192, 53.45448
211.6221, 48.79972
212.1244, 50.83711
212.6267, 53.45024
213.1322, 53.52826
213.6344, 55.37051
214.1345, 57.2876
214.6373, 59.54039
215.1385, 59.59342
215.6404, 61.1437
216.1435, 63.29374
216.6464, 62.92451
217.1475, 62.98091
217.653, 62.31276
218.1534, 60.20747
218.6541, 60.48277
219.1561, 60.86533
219.6569, 63.78489
220.1581, 63.85891
220.6593, 63.48719
221.1623, 60.9423
221.6635, 61.29428
222.165, 61.92218
222.6671, 60.12196
223.1738, 58.30656
223.6745, 55.71729
224.1755, 60.17679
224.6765, 60.19496
225.1783, 62.83599
225.6814, 62.87502
226.1815, 62.92997
226.6847, 64.77706
227.1864, 64.14773
227.6933, 61.96521
228.1956, 62.00359
228.6987, 55.4433
229.2047, 53.32912
229.7014, 53.41626
230.2032, 55.61972
230.7043, 62.62163
231.207, 60.66761
231.7138, 60.38947
232.2165, 57.79858
232.7186, 57.89795
233.2217, 56.0887
233.7218, 56.10036
234.2234, 58.57191
234.7247, 56.09727
235.2269, 56.17757
235.7319, 56.23579
236.2323, 56.5151
236.7391, 54.54061
237.2375, 51.5957
237.7407, 51.06352
238.2445, 53.06179
238.7457, 57.76801
239.247, 57.87321
239.7515, 58.2485
240.2517, 58.71238
240.7521, 60.71195
241.2547, 62.28466
241.7564, 57.88343
242.2605, 58.61822
242.7635, 61.49061
243.2636, 62.00289
243.7657, 62.45022
244.2668, 57.74178
244.7678, 62.23784
245.2717, 62.34843
245.7737, 66.87471
246.2762, 66.96582
246.7769, 67.02995
247.2792, 67.12381
247.7867, 67.18979
248.2939, 62.90818
248.7967, 62.67611
249.2991, 60.58661
249.8042, 60.38059
250.2995, 60.46198
250.7997, 62.75343
251.3002, 65.39726
251.8007, 63.61737
252.3026, 63.77756
252.8047, 61.1128
253.3047, 63.1806
253.8117, 63.25117
254.3135, 63.95079
254.8148, 62.18254
255.316, 60.14149
255.8187, 57.31113
256.3216, 59.58643
256.8243, 64.09874
257.3322, 66.64909
257.8344, 61.63451
258.3355, 59.33834
258.8386, 59.77301
259.3401, 62.31437
259.8436, 59.51876
260.3531, 57.46309
260.8569, 59.74988
261.3638, 63.65087
261.8659, 65.78981
262.3718, 63.55145
262.8754, 63.67486
263.3762, 64.23116
263.8775, 64.64537
264.3801, 62.47539
264.8824, 62.84757
265.3858, 63.27863
265.8917, 65.87342
266.3951, 67.83977
266.8965, 70.11541
267.3988, 70.25682
267.9015, 70.66925
268.4019, 70.72938
268.9046, 66.40877
269.4075, 66.50909
269.9129, 66.90523
270.4155, 66.23834
270.9181, 66.00311
271.4181, 66.10318
271.9209, 66.99934
272.4247, 65.23692
272.9249, 65.31837
273.4258, 65.42232
273.9261, 67.37135
274.4325, 64.80594
274.9354, 67.09747
275.4357, 67.14641
275.9378, 65.06832
276.4403, 62.8273
276.9433, 61.01353
277.4451, 65.80033
277.9516, 68.07343
278.4574, 65.20915
278.9552, 65.33279
279.4562, 65.74022
279.9572, 63.25809
280.4586, 60.79445
280.959, 61.22588
281.4602, 61.66045
281.9604, 66.83687
282.4608, 64.43699
282.9633, 58.72884
283.4664, 56.1218
283.9726, 60.57779
284.4735, 63.67181
284.9744, 65.64256
285.475, 61.33876
285.9782, 63.95139
286.4792, 62.55023
286.9805, 67.08001
287.4825, 67.20641
287.9834, 69.5135
288.486, 67.38612
288.9915, 67.20161
289.4923, 64.7572
289.9945, 64.86642
290.497, 65.27889
290.9986, 64.84856
291.5074, 67.44378
292.0027, 67.55897
292.5045, 69.56382
293.0051, 70.00804
293.5116, 70.10643
294.0118, 68.33713
294.513, 65.89088
295.0175, 66.16455
295.5192, 68.4642
296.025, 68.67583
296.5347, 68.48304
297.0411, 66.37408
297.5378, 68.99606
298.0399, 71.63071
298.5423, 71.73194
299.043, 71.50986
299.5454, 71.58144
300.047, 73.39127
300.5475, 73.45905
301.0601, 72.5594
301.5553, 75.21988
302.0557, 75.32163
302.5578, 75.43577
303.0608, 71.31525
303.561, 66.58822
304.0643, 61.93176
304.5659, 63.81464
305.0723, 71.16723
305.5771, 68.72189
306.0779, 69.53468
306.5792, 67.39868
307.0795, 70.05078
307.5803, 70.11484
308.0817, 72.62485
308.582, 74.72784
309.0845, 72.64114
309.5907, 73.07117
310.0936, 73.52841
310.596, 73.31861
311.0963, 71.55951
311.5964, 71.69711
312.1044, 71.46458
312.601, 73.80595
313.1019, 73.94646
313.6038, 76.96439
314.1062, 74.71349
314.6071, 72.6296
315.1155, 72.48893
315.6121, 72.88027
316.1124, 77.33198
316.6138, 77.7962
317.1154, 77.56995
317.6174, 75.84463
318.1194, 73.72085
318.6228, 76.09833
319.1239, 71.88165
319.6259, 74.18348
320.1271, 74.23895
320.6273, 75.97531
321.1317, 76.02453
321.6333, 76.15434
322.1372, 78.49305
322.639, 78.24868
323.1412, 80.83654
323.6439, 78.34058
324.1441, 74.50005
324.6465, 74.90524
325.1534, 74.74265
325.6567, 74.53125
326.1603, 70.68494
326.6634, 73.35407
327.1661, 70.74825
327.6729, 72.45879
328.1807, 70.42717
328.6818, 75.08888
329.183, 77.79488
329.683, 80.13053
330.1832, 80.19258
330.6851, 80.31493
331.1869, 76.5574
331.693, 74.79475
332.1933, 74.95175
332.6931, 79.11345
333.1933, 81.03577
333.6944, 81.14411
334.1972, 80.93453
334.6972, 78.92163
335.1981, 74.65989
335.7007, 72.12923
336.2007, 74.58064
336.7026, 72.99951
337.2037, 77.81855
337.7043, 75.76767
338.206, 78.56834
338.7077, 76.48678
339.2115, 78.89704
339.7129, 81.05059
340.2169, 81.11108
340.7172, 81.57994
341.218, 81.72807
341.7194, 81.43612
342.2195, 79.02332
342.7218, 81.29306
343.2251, 81.75836
343.7253, 83.70763
344.2269, 83.77218
344.7315, 80.94273
345.2331, 79.40352
345.7348, 77.1477
346.2455, 78.06954
346.74, 77.82832
347.2444, 77.50539
347.7455, 75.07514
348.2462, 79.54887
348.753, 82.20355
349.2545, 82.05902
349.7545, 84.87199
350.2562, 84.42992
350.7588, 84.47111
351.2623, 84.5426
351.7632, 84.61778
352.2643, 85.45878
352.7654, 83.35641
353.2654, 85.6975
353.7654, 85.85389
354.2726, 85.54784
354.7739, 85.71425
355.2769, 83.34659
355.7826, 85.26216
356.2963, 83.53111
356.7961, 85.48875
357.2999, 81.36633
357.8011, 81.04036
358.3054, 79.245
358.8116, 75.23521
359.3153, 75.25138
359.8155, 77.2308
360.316, 79.58297
360.8167, 82.14374
361.3175, 80.35142
361.819, 80.4798
362.3223, 82.69609
362.825, 82.4922
363.3256, 84.3972
363.8277, 84.52514
364.3335, 87.07053
364.8362, 87.47364
365.339, 87.25593
365.8398, 87.69299
366.3426, 85.57883
366.843, 85.57053
367.346, 79.01997
367.8535, 78.60337
368.356, 81.20731
368.8563, 83.07534
369.359, 85.40942
369.8601, 84.98026
370.3622, 89.53379
370.8653, 87.44286
371.3719, 87.95346
371.8764, 88.48277
372.3761, 90.11082
372.8786, 87.93544
373.38, 85.9465
373.8801, 86.69362
374.3819, 86.79189
374.8938, 89.07677
375.3943, 88.51669
375.8982, 88.59489
376.399, 86.08539
376.9011, 86.23338
377.4016, 88.45426
377.9034, 89.95972
378.4045, 85.35178
378.9056, 83.19224
379.4059, 83.61
379.906, 84.07825
380.4075, 88.53178
380.9173, 86.35535
381.4166, 84.97103
381.9171, 85.36241
382.4202, 88.01495
382.9217, 85.83932
383.423, 85.73644
383.9241, 85.8591
384.4264, 86.11115
384.9274, 86.27194
385.4326, 88.24043
385.9333, 90.94435
386.4355, 91.41145
386.9364, 91.58109
387.4393, 86.97151
387.9421, 84.91314
388.4442, 83.07239
388.9452, 88.01521
389.4469, 88.1991
389.9472, 88.15932
390.4528, 83.53632
390.956, 85.44817
391.4564, 87.3806
391.9573, 87.53637
392.4597, 87.3428
392.9627, 87.07968
393.4643, 89.2592
393.9644, 82.41243
394.4647, 85.13561
394.9667, 84.91145
395.4753, 90.16486
395.9774, 88.76499
396.4821, 87.04076
396.9834, 89.44513
397.4838, 91.43265
397.997, 93.78539
398.4962, 93.48026
398.9978, 91.41966
399.4999, 86.82848
400.0018, 89.14385
400.5024, 89.21771
401.0042, 93.37383
401.514, 92.80637
402.0156, 93.66475
402.5172, 91.82758
403.0204, 90.15475
403.5216, 87.62107
404.0269, 90.07574
404.5241, 92.01196
405.0264, 96.5649
405.5321, 94.12435
406.0353, 94.57703
406.5388, 95.10621
407.0421, 97.45084
407.5453, 97.5771
408.0522, 95.37792
408.555, 95.51366
409.0551, 91.1768
409.5574, 93.46902
410.0583, 89.33688
410.5614, 94.2099
411.0644, 92.08311
411.5663, 94.39548
412.0732, 94.49586
412.5766, 94.70424
413.0771, 97.02081
413.5771, 94.73694
414.0784, 97.02904
414.5798, 91.92754
415.0847, 91.0208
415.5848, 91.06624
416.0873, 93.65055
416.5951, 94.47317
417.0982, 94.90685
417.6013, 92.84324
418.1025, 92.92269
418.6041, 92.60657
419.1048, 94.47092
419.6065, 93.8717
420.113, 87.34017
420.6156, 87.78894
437.785, 83.72063
438.233, 88.59381
438.7432, 90.51045
439.248, 92.78562
439.7513, 94.55931
444.8902, 92.75954
453.5399, 88.01934
454.0407, 88.12291
454.5415, 90.21314
455.045, 92.54591
455.5468, 92.21964
456.0495, 92.68008
ATTEMPT NO 8
Time, Mean Performance
41.9062, 57.73982
42.40645, 59.31415
42.9113, 61.37612
43.41304, 61.77783
43.91699, 62.10521
44.42033, 61.81944
44.92223, 61.89538
45.42325, 61.98282
45.92698, 62.62643
46.43187, 62.64561
46.93306, 62.97695
47.4368, 62.01652
47.94026, 61.98028
48.44256, 61.99104
267.7102, 62.67746
268.2118, 62.36298
268.7173, 62.36313
269.2243, 62.45042
269.7225, 60.49994
270.2227, 58.28385
270.7238, 58.28957
271.2256, 58.41445
271.7288, 58.41823
272.2322, 58.4966
272.7418, 60.69682
273.244, 60.75023
273.7451, 58.93224
274.2454, 56.70563
274.7455, 56.71926
332.3451, 54.52973
332.7935, 52.17104
333.2922, 49.8969
333.7946, 49.85885
334.2961, 49.86084
367.4257, 49.87349
367.8828, 53.50961
368.3845, 53.27058
393.4462, 52.79232
393.8824, 51.23776
394.3831, 51.46597
394.8849, 56.27525
395.3883, 58.20547
395.8909, 60.32461
396.3962, 60.63173
396.8979, 60.52843
397.4033, 59.84007
397.9036, 59.54964
398.4292, 59.19382
398.9302, 56.35512
399.4357, 58.77971
399.9385, 58.79622
400.4396, 61.23523
400.9411, 60.6327
401.4415, 60.62806
401.9434, 60.93319
402.4458, 60.59519
402.9499, 60.58527
403.4518, 60.92273
403.952, 61.51837
404.4571, 61.60317
404.9575, 59.75143
405.4583, 59.66943
405.9603, 58.06557
406.4605, 58.08612
406.9625, 55.91813
407.4647, 58.13301
407.9652, 57.79849
408.4678, 60.04407
408.9692, 56.05337
409.4863, 54.22003
409.9858, 54.23672
431.4059, 56.38755
485.3438, 54.23445
488.8427, 49.93242
490.216, 47.75207
494.299, 47.79672
497.2318, 51.62304
501.6277, 51.0401
505.0217, 52.50011
506.9924, 50.60098
560.621, 44.69555
561.1244, 46.95795
561.631, 53.13993
562.1384, 55.35291
562.6395, 60.06895
563.1398, 60.01687
563.6434, 60.2111
564.1445, 61.99943
564.6445, 61.63797
565.1517, 61.11757
565.6575, 61.44052
566.1586, 61.81
ATTEMPT NO 9
Time, Mean Performance
60.7359, 91.95686
61.23802, 93.84055
61.74346, 92.88345
62.24415, 91.97037
62.74973, 91.66684
63.25314, 95.44566
63.75344, 97.46706
64.25618, 97.6573
64.75636, 94.5134
65.25874, 93.20925
65.76112, 89.87869
66.26373, 90.98046
66.77162, 93.64492
67.27832, 93.53635
67.77682, 92.45226
68.28124, 92.45007
68.78275, 90.36569
69.28299, 88.85052
69.78961, 87.3009
70.29191, 89.5142
70.79265, 91.52792
71.29789, 94.12109
71.80331, 91.48843
72.30971, 89.04759
72.81082, 84.8376
73.31108, 87.50581
73.81477, 86.01842
74.32069, 88.15952
74.83648, 86.89011
75.33851, 87.10294
75.84028, 80.60008
76.34103, 81.20573
76.84177, 82.49109
77.34904, 88.01491
77.8541, 90.78221
78.35795, 89.39545
78.85929, 92.64082
79.36432, 92.5247
79.87551, 90.89879
80.37463, 85.75904
80.87532, 86.98961
81.37689, 88.08786
81.89349, 91.61885
82.3959, 90.4678
82.89937, 87.5761
83.58425, 87.73175
84.04221, 88.47163
84.54227, 93.36996
85.04311, 95.76388
85.55124, 97.52611
86.05511, 95.21087
86.55621, 94.13104
87.05888, 93.02326
87.55962, 93.19592
88.06339, 93.12108
88.57178, 92.17534
89.0751, 92.19724
89.57691, 93.13364
90.07954, 93.22809
90.58443, 87.75127
91.09225, 90.2003
91.59614, 89.34761
92.09644, 91.56379
92.59875, 91.13445
93.12342, 92.03143
93.61896, 87.98289
94.14614, 85.67528
94.65495, 86.75637
95.13702, 90.94711
95.63687, 91.22838
96.16027, 85.06772
96.66105, 79.65157
97.17083, 81.56178
97.67791, 86.12536
98.32178, 90.43872
98.78004, 92.64831
99.28222, 90.30772
99.79172, 91.37514
100.297, 90.92687
100.7942, 90.85631
101.2957, 89.94736
ATTEMPT NO 10
Time, Mean Performance
61.29941, 90.5297
61.79956, 89.87746
62.30652, 90.99694
62.81696, 92.5305
63.31886, 94.56571
63.82499, 93.17959
64.32657, 91.686
64.84118, 91.80142
65.34034, 91.41726
65.84175, 90.6573
66.34241, 89.6424
66.84282, 88.71584
67.34687, 89.86426
67.85395, 92.23562
68.35654, 92.29771
68.86019, 91.15725
69.36183, 88.52905
69.86196, 85.83813
70.3656, 86.99336
70.86711, 86.93721
71.37411, 90.73246
71.87842, 89.11828
72.38619, 88.04905
72.89481, 87.60811
73.39662, 89.15073
73.90298, 88.04402
74.40319, 85.88143
74.9072, 80.5988
75.41534, 80.00195
75.91765, 81.46779
76.41965, 83.38931
76.92867, 83.85236
77.42733, 84.34296
77.93665, 86.93075
78.43839, 88.55222
78.94189, 87.90385
79.44254, 85.61985
79.95176, 83.05138
80.44818, 81.16976
80.9565, 81.32855
81.45882, 86.60644
81.96182, 91.70251
82.4622, 91.74059
82.96293, 91.78062
83.46763, 91.97297
83.96531, 90.23975
84.46815, 88.73998
84.97758, 88.58757
85.47866, 91.79488
85.97969, 90.8933
86.48116, 86.87552
86.98141, 87.78332
87.49047, 87.54098
87.99488, 88.48348
88.49734, 92.40331
89.00105, 92.594
89.50319, 92.72765
90.00385, 91.74232
90.50999, 90.83401
91.00579, 91.95786
91.50674, 91.3975
92.01538, 92.48598
92.51739, 91.38901
93.01884, 91.39523
93.52531, 92.07397
94.02569, 90.95088
94.52599, 92.07182
95.02776, 87.69482
95.53491, 82.42893
96.03938, 82.38168
96.54375, 84.40736
97.04622, 87.61897
97.55904, 89.37785
98.05827, 85.43133
98.55955, 88.20702
99.06152, 82.81945
99.56308, 86.97953
100.0665, 87.93527
100.568, 83.2785
101.0745, 82.25582
101.5761, 79.66696
102.0805, 88.67966
102.5813, 90.55344
103.0818, 89.53208
103.5861, 91.83589
104.0868, 92.98874
104.5953, 93.08067
105.0985, 93.88564
105.5988, 93.46511
106.0991, 92.67207
106.6, 94.27649
107.1107, 93.21381
107.6084, 91.92072
108.1144, 88.68035
108.6151, 88.70161
109.1186, 88.72481
109.6219, 91.28949
110.1245, 91.26818
110.6252, 91.49924
111.1274, 89.55897
111.636, 90.68289
112.1388, 91.36144
112.6416, 94.20527
113.1547, 94.69106
113.6553, 92.51818
114.1577, 91.41185
114.6622, 91.41053
115.1641, 95.14472
115.6651, 92.874
116.1658, 88.58437
116.6746, 86.81128
117.1769, 87.8093
117.6795, 86.88442
118.1811, 85.32423
118.6854, 82.08249
119.1877, 83.38251
119.6941, 85.6231
120.1954, 90.0039
120.7023, 88.90849
121.2005, 89.36294
121.7022, 85.95114
122.208, 85.74089
122.7281, 84.44387
123.2262, 89.45179
123.7435, 87.24036
124.2434, 90.4847
124.7422, 89.17242
125.2456, 90.27874
125.7485, 88.81786
126.2487, 90.20939
126.7536, 92.71917
127.2542, 95.27455
127.7549, 96.80653
128.258, 94.49702
128.7605, 94.41904
129.3099, 92.0536
129.8727, 93.14383
130.44, 92.29967
130.9898, 92.6921
131.4992, 91.79248
131.9869, 93.62834
132.4939, 92.03062
133.0084, 89.3675
133.5059, 92.03968
134.0087, 92.45839
134.5197, 91.38851
135.0216, 90.29698
135.5267, 89.3055
136.0351, 93.07467
136.5368, 89.73566
137.0403, 90.8512
137.5372, 90.39407
138.0387, 92.52716
138.5397, 89.53778
139.0417, 86.40801
139.5499, 85.22894
140.045, 86.96841
140.5553, 88.47678
141.0581, 86.90646
141.5584, 83.00365
142.0838, 81.75552
142.5816, 83.7879
143.0827, 83.19572
143.5838, 85.77851
144.087, 89.48451
144.5948, 92.37814
145.0966, 92.81974
145.5969, 90.53212
146.0976, 91.03156
146.5994, 88.34808
147.1012, 89.60653
147.6139, 90.27917
148.1146, 89.54115
148.6165, 89.18369
149.1284, 90.38535
149.6265, 91.74277
150.1384, 90.65306
150.6384, 90.02676
151.1507, 87.70564
151.6473, 88.67336
152.1544, 86.55596
152.6583, 88.45628
153.1592, 88.30866
153.6604, 88.95988
154.1623, 90.12231
154.6655, 92.55886
155.1667, 92.54555
155.6684, 91.44719
156.1789, 90.37459
156.6798, 91.96513
157.1818, 92.0484
157.6829, 93.15737
158.1885, 93.1659
158.7021, 92.65685
159.1982, 92.04414
159.6982, 89.49735
160.2003, 85.49501
160.7014, 87.06253
161.2044, 87.25959
161.7063, 88.72619
162.2084, 87.77055
162.7153, 85.13385
163.2176, 89.02504
163.7208, 90.81602
164.2219, 90.4113
164.7233, 90.73472
165.2284, 89.38056
165.7339, 94.08947
166.2353, 90.34492
166.7363, 90.19843
167.2412, 88.65861
167.7441, 88.51242
168.2443, 90.74214
168.7466, 88.93986
169.2485, 88.70273
169.7549, 89.33424
170.2586, 90.76228
170.764, 88.19263
171.2617, 84.91756
171.7643, 81.80822
172.2744, 86.04546
172.7761, 89.33524
173.2802, 90.06282
173.7804, 90.99509
174.2808, 92.26455
174.7833, 92.26707
175.2842, 92.84296
175.7852, 91.70515
176.2882, 89.50814
176.7934, 87.46639
177.2948, 92.17071
177.7953, 92.19412
178.3033, 92.21043
178.8057, 92.23136
179.3084, 92.76781
179.8085, 91.15643
180.3147, 91.16512
180.8172, 85.69855
181.3182, 85.69564
181.8183, 86.80093
182.3192, 86.84179
182.8369, 87.09925
183.3368, 87.04295
183.8421, 86.03956
184.3428, 87.75908
184.8453, 86.64341
185.3611, 89.30879
185.8618, 88.08505
186.3636, 89.86502
186.8606, 89.75401
187.3633, 90.94296
187.8666, 89.42946
188.3681, 89.56811
188.8754, 90.51475
189.3757, 90.52726
189.8781, 89.04376
190.3782, 87.96263
190.8863, 88.94197
191.3937, 89.1961
191.8963, 86.7461
192.4016, 83.75714
192.8974, 83.83446
193.3998, 85.38096
193.9082, 88.46153
194.4035, 85.78722
194.9041, 86.2681
195.4045, 85.47135
195.9079, 90.91312
196.4169, 86.83945
196.9146, 90.11694
197.4157, 88.09486
197.9179, 90.0976
198.4201, 88.45927
198.9206, 88.47921
199.4232, 90.71153
199.9236, 91.9777
200.4252, 89.37264
200.9277, 90.94461
201.4346, 90.29261
201.937, 88.12386
202.4407, 84.82857
202.944, 86.89181
203.4457, 89.85081
203.9485, 88.71647
204.4652, 88.66405
204.9566, 87.55019
205.4589, 89.62261
205.9619, 90.07158
206.4713, 91.37272
206.966, 91.04544
207.4674, 90.97359
207.9774, 92.08633
208.478, 89.84985
208.9844, 88.42128
209.4936, 90.90545
209.994, 91.9936
210.4944, 95.793
210.9957, 94.66873
211.4996, 97.17132
212.0021, 94.06018
212.5044, 90.31247
213.0079, 88.30024
213.5141, 86.8744
214.0162, 85.40659
214.5235, 87.27988
215.0236, 86.92674
215.5273, 88.35548
216.034, 89.2393
216.5358, 90.58862
217.0365, 91.95509
217.5371, 90.12988
218.038, 90.82739
218.5548, 90.18997
219.0616, 89.33091
219.5643, 90.35407
220.1158, 91.15525
220.6083, 90.89601
221.1151, 89.34425
221.6191, 89.3549
222.1237, 88.71753
222.6249, 90.18071
223.1275, 87.87463
223.6351, 86.36964
224.1459, 89.92529
224.6412, 88.2782
225.1437, 89.23047
225.6455, 84.07217
226.1461, 83.5573
226.6535, 81.73562
227.1535, 84.43511
227.6565, 89.51653
228.1585, 89.66242
228.6599, 93.19904
229.1635, 91.01571
229.6656, 91.18951
230.1671, 87.71159
230.6679, 88.22696
231.1682, 86.71345
231.6752, 90.66006
232.1763, 92.71227
232.6829, 92.67737
233.1853, 91.8567
233.6992, 88.76157
234.1987, 86.0752
234.6996, 82.8954
235.2006, 82.18787
235.7007, 83.5411
236.2056, 84.51506
236.7068, 85.6109
237.2145, 90.56065
237.7188, 92.10876
238.2184, 90.44952
238.7195, 89.27654
239.2227, 88.17083
239.735, 84.73071
240.238, 85.99874
240.7422, 87.46017
241.2513, 92.36694
241.7457, 89.8334
242.2486, 90.38215
242.7564, 89.29696
243.2558, 85.52361
243.7575, 84.47351
244.259, 85.89512
244.7602, 92.38652
245.2617, 92.46121
245.7636, 90.73339
246.2662, 87.46635
246.7672, 86.4248
247.2758, 86.91064
247.7785, 85.04664
248.2868, 84.72859
248.7819, 86.12683
249.2847, 91.21558
249.7852, 91.47501
250.2866, 89.39615
250.7879, 87.8055
251.2881, 87.4278
251.7946, 88.40539
252.298, 89.00497
252.7993, 92.24933
253.2994, 92.16066
253.805, 91.59885
254.3066, 91.72872
254.8076, 90.48132
255.3144, 92.20773
255.8175, 90.6429
256.3195, 87.11224
256.8215, 85.72729
257.3278, 84.24169
257.8246, 89.28043
258.327, 91.77199
258.8282, 93.80703
259.3284, 93.45016
259.8376, 91.03398
260.3395, 84.7403
260.8415, 84.99096
261.346, 84.88084
261.8545, 91.50217
262.358, 92.94547
262.8647, 94.63683
263.3652, 93.13306
263.8669, 85.59277
264.3739, 84.4712
264.8841, 86.052
265.3808, 88.73106
265.8817, 90.9428
266.3819, 91.07351
266.8842, 91.15588
267.3869, 88.47765
267.8874, 85.97466
268.3948, 89.80294
268.898, 89.71922
269.3995, 90.87622
269.9015, 86.13027
270.4083, 88.85188
270.9161, 87.71351
271.4203, 86.4835
271.9219, 86.66591
272.4229, 82.72334
272.9242, 85.09819
273.4255, 86.31496
273.9279, 88.25497
274.4355, 87.9892
274.9376, 87.44809
275.4396, 87.0192
275.9434, 83.80882
276.4448, 84.23787
276.9469, 86.16149
277.4536, 87.6287
277.9552, 86.48498
278.4565, 86.60889
278.959, 88.84917
279.4611, 92.58786
279.9676, 92.49016
280.4781, 91.47633
280.9799, 88.95761
281.4817, 86.05591
281.9876, 88.51842
282.4966, 89.58756
282.9971, 89.60126
283.5, 89.75507
284.0034, 89.78754
284.5052, 89.81749
285.0078, 87.62852
285.5152, 86.92032
286.016, 87.37845
286.5195, 90.67905
287.0261, 93.37395
287.5424, 92.71995
288.0482, 85.2187
288.5548, 84.18616
289.0559, 87.20042
289.5593, 91.84874
290.0626, 93.75806
290.5646, 93.34339
291.0663, 91.98997
291.5684, 92.46909
292.0734, 93.38948
292.5745, 92.31085
293.0768, 87.83643
293.5916, 86.90176
294.0883, 88.32796
294.5936, 90.58038
295.0947, 93.68992
295.5975, 92.88148
296.0993, 90.32767
296.6005, 89.42147
297.1049, 90.40432
297.6049, 86.5592
298.1051, 83.89575
298.6076, 83.25837
299.1156, 84.5
299.6195, 85.49265
300.1199, 83.97067
300.62, 85.33932
301.1225, 86.11629
301.6245, 87.44704
302.1338, 89.18542
302.6364, 87.28474
303.1407, 87.98848
303.6584, 85.3412
304.1636, 87.15845
304.6637, 85.63053
305.1648, 86.73464
305.6652, 87.6268
306.1667, 89.86114
306.6683, 88.68878
307.1751, 89.18079
307.683, 90.31741
308.1835, 90.16643
308.6846, 86.55737
309.1858, 85.24265
309.6867, 82.31876
310.188, 86.42584
310.6939, 90.93938
311.197, 93.23082
311.7018, 91.24207
312.2046, 91.29346
312.7069, 92.27183
313.214, 95.30302
313.7168, 94.21565
314.2196, 89.80322
314.7207, 87.19262
315.2214, 86.72184
315.7246, 86.52726
316.2273, 86.51658
316.7285, 88.69044
317.2343, 90.00935
317.7378, 90.20483
318.2434, 85.29813
318.7448, 84.80626
319.2484, 85.22873
319.7543, 90.84868
320.2574, 88.85239
320.7576, 89.58225
321.2585, 89.16914
321.7611, 87.37566
322.2648, 85.22584
322.7658, 85.89573
323.2664, 88.84088
323.7757, 93.02645
324.2768, 89.47182
324.7886, 86.67694
325.2851, 83.46796
325.7866, 86.6002
326.2965, 91.59431
326.7978, 93.41518
327.3004, 92.8807
327.8025, 90.7728
328.3055, 89.60261
328.8082, 90.67031
329.3145, 90.33951
329.8147, 87.43005
330.3175, 86.38078
330.8239, 87.45763
331.3267, 91.53065
331.835, 91.59933
332.3355, 92.83915
332.8362, 90.64706
333.3367, 90.50124
333.8397, 89.44604
334.34, 90.35818
334.8493, 90.38244
335.3435, 91.20985
335.8452, 90.23248
336.3478, 88.0742
336.8546, 89.30702
337.3564, 87.68812
337.8605, 88.87623
338.3637, 88.66454
338.8676, 84.45007
339.368, 83.32268
339.8735, 83.388
340.3747, 86.93587
340.8763, 91.31727
341.381, 94.41343
341.8805, 92.56808
342.384, 89.54453
342.8864, 86.48854
343.394, 85.42534
343.8954, 84.76046
344.3964, 86.10742
344.901, 89.14349
345.4012, 80.54384
345.9036, 81.48505
346.406, 83.67961
346.9145, 88.78719
347.4179, 93.95074
347.9182, 95.11322
348.4207, 96.81136
348.922, 95.74751
349.4272, 95.78141
349.9281, 91.19064
350.4347, 87.00756
350.9373, 85.61272
351.4397, 86.18336
351.9424, 85.23103
352.4434, 89.19859
352.9542, 94.09417
353.4573, 94.07715
353.9622, 95.49071
354.4637, 94.28472
354.965, 93.0893
355.4674, 91.96339
355.9746, 90.42959
356.4774, 90.88797
356.9808, 91.8309
357.4816, 93.54807
357.9847, 93.0792
358.4861, 92.76612
359.0032, 89.61568
359.5007, 90.81667
360.0046, 83.91276
360.5083, 83.75671
361.0189, 85.35571
361.5192, 88.65737
362.0375, 93.95889
362.5481, 94.24615
363.075, 94.18998
363.6984, 94.04691
364.1664, 90.41788
364.6905, 86.80672
365.2319, 84.36664
365.7392, 83.73704
366.3018, 83.51418
366.8158, 80.82938
367.3883, 79.91658
367.9379, 81.76039
368.4782, 83.29449
369.0434, 90.15547
369.5236, 92.96128
370.0303, 93.91702
370.5352, 96.18321
371.036, 92.95533
371.5463, 90.83127
372.0464, 86.88585
372.5479, 87.54183
373.0555, 89.90369
373.5613, 91.47501
374.0621, 90.44083
374.5672, 91.45454
375.0675, 92.48296
375.5742, 91.58012
376.0891, 91.94032
376.5845, 90.00661
377.0934, 89.59457
377.5993, 88.51903
378.1011, 90.68372
378.6017, 93.56521
379.102, 92.56122
379.6168, 92.00554
380.1153, 90.93319
380.6194, 87.59908
381.1281, 85.37984
381.6225, 83.21088
382.1243, 81.99212
382.6281, 85.89008
383.1352, 86.74429
383.6432, 88.9429
384.1396, 89.39035
384.6414, 91.91888
385.1566, 92.52957
385.6605, 87.8619
386.1643, 83.13224
386.6662, 84.74219
387.1682, 85.18944
387.6734, 83.75175
388.1753, 78.44093
388.6827, 81.43125
389.1832, 80.27959
389.6836, 81.27735
390.186, 83.49182
390.6934, 84.62222
391.1977, 92.60873
391.6991, 92.66698
392.2059, 93.33614
392.7085, 88.12489
393.2163, 88.16463
393.7165, 89.29768
394.22, 92.51114
394.7227, 93.418
395.2916, 92.59623
395.8318, 92.19526
396.3774, 91.80513
396.913, 93.10638
397.4717, 91.82106
398.0147, 93.42479
398.5772, 94.40058
399.0752, 95.21755
399.5763, 94.63589
400.0913, 92.6167
400.5953, 95.3271
401.0907, 94.27735
401.5951, 95.45985
402.1659, 92.67762
402.7179, 93.84911
403.2888, 90.02502
403.8343, 90.03168
404.3997, 90.40319
404.9572, 89.72664
405.5321, 89.43764
406.0868, 90.25523
406.6447, 89.35533
407.137, 89.84106
407.6809, 84.32941
408.2426, 87.94807
408.7522, 82.15362
409.2907, 87.46691
409.8208, 86.06477
410.3295, 87.3147
410.8572, 89.20927
411.3789, 80.12824
411.959, 81.85231
412.5146, 83.67844
413.0753, 90.01396
413.6234, 92.20688
414.179, 92.41444
414.7423, 94.1272
415.296, 92.8942
415.8645, 91.25195
416.397, 92.9921
416.9482, 91.99358
417.4516, 89.31231
417.9674, 88.05769
418.4923, 84.79675
419.0059, 88.5355
419.514, 88.23398
420.0507, 92.28612
420.6193, 93.1272
421.186, 94.14175
421.7354, 93.33161
422.2794, 91.26065
422.8596, 94.13865
423.4151, 95.30275
424.0507, 96.45164
424.5263, 96.51707
425.0257, 95.06971
425.5361, 93.96665
426.0724, 93.03309
426.5892, 93.98688
427.1074, 93.28621
427.6081, 91.25533
428.1583, 89.85748
428.6913, 90.93228
429.2185, 89.64296
429.7762, 90.10912
430.321, 92.13471
430.8593, 93.72977
431.386, 92.26563
431.8932, 92.50865
432.4335, 89.97182
432.9326, 91.29086
433.4728, 85.26871
434.0203, 86.20469
434.5345, 86.24433
